topic,title_hint,priority_index,bing_impressions_weekly,google_monthly_volume,utilization_rank,busa_overlap,competitor_density,state_specific,priority,sources,already_live,already_queued,notes
ozempic-cost,"Ozempic Cost in 2026: Without Insurance, With Medicare, and Assistance Options",925,320,40500,17,none,high,n,SHIPPED,bing|clincalc|ira-2027|goodrx-catalog,y,n,Already live — DO NOT WRITE
metformin-cost,"Metformin Cost in 2026: Generic, Brand, and Programs",160,30,9900,2,none,high,n,SHIPPED,bing|clincalc|goodrx-catalog,y,n,Already live — DO NOT WRITE
insulin-cost,Insulin Cost at the Hospital in 2026,150,31,12100,21,none,high,n,SHIPPED,bing|clincalc|goodrx-catalog,y,n,Already live — DO NOT WRITE
wegovy-cost,"Wegovy Cost in 2026: Without Insurance, NovoCare Self-Pay, Manufacturer Assistance",1100,404,40500,71,none,high,n,1,bing|clincalc|goodrx-catalog|manufacturer-site,n,n,Highest-volume GLP-1 cost query not yet shipped
mounjaro-cost,"Mounjaro Cost in 2026: Savings Card, Medicare Coverage, Pharmacy Comparison",600,834,33100,84,none,high,n,1,bing|clincalc|goodrx-catalog|manufacturer-site,n,n,Demand-score corrected per critique #1 (mounjaro savings card broad-match inflated A)
zepbound-cost,"Zepbound Cost in 2026: LillyDirect Self-Pay, Insurance, and GLP-1 Bridge",850,500,27100,142,none,high,n,1,bing|clincalc|goodrx-catalog|medicare-bridge-program-2026,n,n,LillyDirect vial pricing angle
eliquis-cost,"Eliquis Cost in 2026: IRA Negotiated Price, Generic Status, Patient Assistance",820,149,40500,30,none,high,n,1,bing|clincalc|ira-2026|goodrx-catalog|kff,n,n,IRA Round 1 — Maximum Fair Price effective Jan 2026
jardiance-cost,"Jardiance Cost in 2026: IRA Negotiated Price, Empagliflozin Generic Status",720,93,18100,43,none,high,n,1,bing|clincalc|ira-2026|goodrx-catalog,n,n,IRA Round 1 — bigger % savings than Eliquis (66% vs 56%); tied at priority-1
xarelto-cost,Xarelto Cost in 2026: IRA Maximum Fair Price and Bayer Patient Assistance,640,41,12100,55,none,high,n,1,bing|clincalc|ira-2026|goodrx-catalog,n,n,IRA Round 1 — year-anchored
januvia-cost,Januvia Cost in 2026: IRA Negotiated Price and Sitagliptin Generic,580,28,9900,68,none,high,n,1,bing|clincalc|ira-2026|goodrx-catalog,n,n,IRA Round 1 — generic sitagliptin available 2022
farxiga-cost,Farxiga Cost in 2026: IRA Maximum Fair Price and Dapagliflozin Generic Status,720,62,14800,98,none,high,n,1,bing|clincalc|ira-2026|goodrx-catalog,n,n,IRA Round 1 — dapagliflozin generic launching 2025-2026
entresto-cost,Entresto Cost in 2026: IRA Maximum Fair Price and Sacubitril Generic Timing,560,33,8100,118,none,high,n,1,bing|clincalc|ira-2026|goodrx-catalog,n,n,IRA Round 1 — first generic delayed multiple times
imbruvica-cost,Imbruvica Cost in 2026: IRA Maximum Fair Price for CLL Patients,420,15,4400,N/A,none,medium,n,1,bing|clincalc|ira-2026,n,n,IRA Round 1 — specialty oncology
stelara-cost,Stelara Cost in 2026: IRA Maximum Fair Price and Biosimilar Wezlana Launch,540,20,8100,N/A,none,medium,n,1,bing|clincalc|ira-2026|goodrx-catalog,n,n,IRA Round 1 + Wezlana biosimilar — strong news anchor
enbrel-cost,Enbrel Cost in 2026: IRA Negotiated Price and Etanercept Biosimilar Timeline,420,24,8100,N/A,none,medium,n,1,bing|clincalc|ira-2026|goodrx-catalog|manufacturer-site,n,n,IRA Round 1 — biosimilars delayed by patent litigation
novolog-cost,NovoLog Cost in 2026: IRA Negotiated Insulin Aspart Pricing and $35 Cap,230,N/A,4400,75,none,medium,n,1,bing|clincalc|ira-2026|manufacturer-site,n,n,IRA Round 1 — grouped with Fiasp
fiasp-cost,Fiasp Cost in 2026: IRA Negotiated Insulin and Novo Nordisk $35 Cap,380,21,2900,75,none,medium,n,2,bing|clincalc|ira-2026|manufacturer-site,n,n,IRA Round 1 — companion to NovoLog
xtandi-cost,Xtandi Cost in 2026: IRA Round 2 Anchor for 2027 Maximum Fair Price (Prostate Cancer),200,N/A,2400,N/A,none,low,n,1,bing|cms|ira-2027|goodrx-catalog,n,n,IRA Round 2 — 2027 effective MFP forward anchor
pomalyst-cost,Pomalyst Cost in 2026: IRA Round 2 Anchor for 2027 Multiple Myeloma Pricing,180,N/A,1600,N/A,none,low,n,1,bing|cms|ira-2027|goodrx-catalog,n,n,IRA Round 2 — 2027 effective MFP forward anchor
ibrance-cost,Ibrance Cost in 2026: IRA Round 2 Anchor for 2027 CDK4/6 Breast Cancer Pricing,220,N/A,2900,N/A,none,low,n,1,bing|cms|ira-2027|goodrx-catalog,n,n,IRA Round 2 — Part B vs D framing
calquence-cost,Calquence Cost in 2026: IRA Round 2 Anchor for 2027 BTK Inhibitor Pricing,160,N/A,1300,N/A,none,low,n,1,bing|cms|ira-2027|goodrx-catalog,n,n,IRA Round 2 — CLL specialty
austedo-cost,Austedo Cost in 2026: IRA Round 2 Anchor for 2027 Tardive Dyskinesia Pricing,180,N/A,2400,N/A,none,low,n,1,bing|cms|ira-2027|goodrx-catalog,n,n,IRA Round 2 — Huntington / TD
janumet-cost,Janumet Cost in 2026: IRA Round 2 Anchor for 2027 Sitagliptin/Metformin Combo,220,N/A,3600,N/A,none,medium,n,1,bing|cms|ira-2027|goodrx-catalog,n,n,IRA Round 2 — pairs with Januvia
tradjenta-cost,Tradjenta Cost in 2026: IRA Round 2 Anchor for 2027 Linagliptin Pricing,140,N/A,1300,N/A,none,low,n,1,bing|cms|ira-2027|goodrx-catalog,n,n,IRA Round 2 — fixed spelling (was trajenta in A)
vraylar-cost,Vraylar Cost in 2026: IRA Round 2 Anchor for 2027 Cariprazine Pricing,140,N/A,1300,N/A,none,low,n,1,bing|cms|ira-2027|goodrx-catalog,n,n,IRA Round 2 — atypical antipsychotic
otezla-cost,Otezla Cost in 2026: IRA Round 2 Anchor for 2027 Apremilast Pricing,180,N/A,3600,N/A,none,medium,n,1,bing|cms|ira-2027|goodrx-catalog|manufacturer-site,n,n,IRA Round 2 — psoriasis oral
linzess-cost,Linzess Cost in 2026: IRA Round 2 Anchor for 2027 IBS-C Treatment Pricing,420,15,8100,N/A,none,medium,n,1,bing|clincalc|ira-2027|goodrx-catalog,n,n,IRA Round 2 — linaclotide
ofev-cost,Ofev Cost in 2026: IRA Round 2 Anchor for 2027 Nintedanib IPF Pricing,120,N/A,720,N/A,none,low,n,1,bing|ira-2027|goodrx-catalog,n,n,IRA Round 2 — IPF specialty
breo-ellipta-cost,Breo Ellipta Cost in 2026: IRA Round 2 Anchor for 2027 GSK Inhaler Pricing,140,N/A,3600,N/A,none,medium,n,1,bing|ira-2027|goodrx-catalog|manufacturer-site,n,n,IRA Round 2 — COPD/asthma
trelegy-ellipta-cost,"Trelegy Ellipta Cost in 2026: IRA Round 2 Anchor for 2027, Triple-Therapy Pricing",460,18,8100,N/A,none,medium,n,1,bing|ira-2027|goodrx-catalog|manufacturer-site,n,n,IRA Round 2 — promoted per critique adjudication (80k broad cost-intent)
trikafta-cost,"Trikafta Cost in 2026: Vertex CF Pricing, Patient Assistance, $300K List Price",180,N/A,2900,N/A,none,low,n,2,bing|manufacturer-site|goodrx-catalog,n,n,Vertex CF flagship — highest-cost specialty
factor-viii-cost,Factor VIII Cost in 2026: Hemophilia A Coverage and Patient Assistance,140,N/A,1600,N/A,none,low,n,3,bing|manufacturer-site|hemophilia-federation,n,n,Hemophilia factor — specialty cluster
factor-ix-cost,Factor IX Cost in 2026: Hemophilia B Coverage and Patient Assistance,120,N/A,880,N/A,none,low,n,3,bing|manufacturer-site|hemophilia-federation,n,n,Hemophilia factor — specialty cluster
hemgenix-cost,"Hemgenix Cost in 2026: $3.5M Hemophilia B Gene Therapy Coverage Rules",120,N/A,720,N/A,none,low,n,2,bing|cms|manufacturer-site,n,n,Gene therapy — broken out from B's generic gene-therapy-cost aggregator
cibinqo-cost,Cibinqo Cost in 2026: Pfizer Eczema Biologic Pricing and Patient Assistance,140,N/A,1300,N/A,none,low,n,2,bing|manufacturer-site|goodrx-catalog,n,n,Top biologic per critic spec — eczema oral JAK
cyclobenzaprine-cost,Cyclobenzaprine Cost in 2026: Generic Flexeril Muscle Relaxant Pricing,100,N/A,4400,28,none,low,n,2,bing|clincalc-top-30|goodrx-catalog,n,n,Top-30 ClinCalc — baseline volume
meloxicam-cost,Meloxicam Cost in 2026: Generic Mobic NSAID Pricing,110,N/A,3600,22,none,low,n,2,bing|clincalc-top-30|goodrx-catalog,n,n,Top-30 ClinCalc — baseline volume
trulicity-cost,Trulicity Cost in 2026: Lilly Cares Patient Assistance and Generic Status,520,23,12100,52,none,high,n,2,bing|clincalc|goodrx-catalog|manufacturer-site,n,n,Pre-IRA GLP-1
rybelsus-cost,Rybelsus Cost in 2026: Oral Semaglutide Without Insurance,490,55,8100,N/A,none,high,n,2,bing|clincalc|goodrx-catalog|manufacturer-site,n,n,Oral GLP-1 — 224k cost-intent broad volume
saxenda-cost,Saxenda Cost in 2026: Liraglutide Generic Status and Wegovy Alternatives,310,19,5400,N/A,none,medium,n,2,bing|clincalc|goodrx-catalog|manufacturer-site,n,n,Older GLP-1 weight loss
victoza-cost,Victoza Cost in 2026: Liraglutide Generic Available,280,5,3600,N/A,none,medium,n,3,bing|clincalc|goodrx-catalog|manufacturer-site,n,n,Generic liraglutide approved 2024
foundayo-orforglipron-cost,Foundayo (Orforglipron) Cost in 2026: Oral GLP-1 Launch Pricing,160,N/A,720,N/A,none,low,n,2,bing|manufacturer-site,n,n,New Lilly oral GLP-1
humira-cost,Humira Cost in 2026: AbbVie Assistance and Biosimilar Adalimumab Switch,640,26,18100,N/A,none,high,n,1,bing|clincalc|goodrx-catalog|manufacturer-site|kff,n,n,"Biosimilar wave (Cyltezo, Hyrimoz, Amjevita, Yuflyma)"
skyrizi-cost,Skyrizi Cost in 2026: AbbVie Copay Card and Patient Assistance,420,15,5400,N/A,none,medium,n,2,bing|clincalc|goodrx-catalog|manufacturer-site,n,n,Stelara competitor — AbbVie franchise
rinvoq-cost,Rinvoq Cost in 2026: AbbVie Assistance and JAK Coverage,360,N/A,4400,N/A,none,medium,n,2,bing|manufacturer-site|goodrx-catalog,n,n,AbbVie JAK
tremfya-cost,Tremfya Cost in 2026: J&J Copay Card and Pricing,360,12,4400,N/A,none,medium,n,3,bing|clincalc|goodrx-catalog|manufacturer-site,n,n,Psoriasis biologic
cosentyx-cost,Cosentyx Cost in 2026: Novartis Pricing and Patient Assistance,320,10,5400,N/A,none,medium,n,3,bing|clincalc|goodrx-catalog|manufacturer-site,n,n,Psoriasis/AS biologic
entyvio-cost,Entyvio Cost in 2026: Takeda IBD Drug Coverage,260,N/A,2900,N/A,none,medium,n,2,bing|manufacturer-site|goodrx-catalog,n,n,IBD biologic
dupixent-cost,"Dupixent Cost in 2026: Copay Card, Patient Assistance, Step Therapy",580,99,12100,N/A,none,high,n,1,bing|clincalc|goodrx-catalog|manufacturer-site,n,n,Specialty — dupixent copay card broad=5.9k
biktarvy-cost,Biktarvy Cost in 2026: Gilead Advancing Access and Ready-Set-PrEP,290,11,8100,N/A,none,medium,n,2,bing|clincalc|goodrx-catalog|manufacturer-site,n,n,HIV combo therapy
repatha-cost,Repatha Cost in 2026: PCSK9 Inhibitor Without Insurance and Amgen Assistance,440,70,5400,N/A,none,medium,n,2,bing|clincalc|goodrx-catalog|manufacturer-site,n,n,Specialty lipid
praluent-cost,Praluent Cost in 2026: PCSK9 Inhibitor Pricing and Coverage,180,4,1600,N/A,none,low,n,3,bing|clincalc|goodrx-catalog|manufacturer-site,n,n,Repatha competitor
vyvanse-cost,Vyvanse Cost in 2026: Generic Lisdexamfetamine and ADHD Coverage,580,80,33100,N/A,none,high,n,1,bing|clincalc|goodrx-catalog|manufacturer-site,n,n,Generic launched 2023
lyrica-cost,Lyrica Cost in 2026: Pregabalin Generic and Insurance Coverage,440,40,12100,N/A,none,medium,n,2,bing|clincalc|goodrx-catalog,n,n,Generic pregabalin
gabapentin-cost,Gabapentin Cost in 2026: Generic Pricing and Coverage Notes,180,36,12100,12,none,medium,n,3,bing|clincalc|goodrx-catalog,n,n,Top-20 prescribed
prednisone-cost,Prednisone Cost in 2026: Generic Steroid Pricing,160,55,8100,16,none,low,n,3,bing|clincalc|goodrx-catalog,n,n,Cheap generic
amlodipine-cost,Amlodipine Cost in 2026: Generic Blood Pressure Drug Pricing,120,33,4400,5,none,low,n,3,bing|clincalc|goodrx-catalog,n,n,Top-5 prescribed
losartan-cost,Losartan Cost in 2026: Generic ARB Pricing,110,23,3600,9,none,low,n,3,bing|clincalc|goodrx-catalog,n,n,Cheap generic
lisinopril-cost,Lisinopril Cost in 2026: Generic ACE Inhibitor Pricing,110,20,4400,4,none,low,n,3,bing|clincalc|goodrx-catalog,n,n,Top-5 prescribed
atorvastatin-cost,Atorvastatin Cost in 2026: Generic Lipitor Pricing,90,19,4400,1,none,high,n,3,bing|clincalc|goodrx-catalog,n,n,#1 prescribed — A correct vs B (cheap generic locked by GoodRx)
rosuvastatin-cost,Rosuvastatin Cost in 2026: Generic Crestor Pricing,140,N/A,3600,N/A,none,high,n,3,bing|clincalc|goodrx-catalog,n,n,Generic statin
simvastatin-cost,Simvastatin Cost in 2026: Generic Zocor Pricing,80,N/A,1600,15,none,low,n,3,bing|clincalc|goodrx-catalog,n,n,Cheap generic
levothyroxine-cost,Levothyroxine Cost in 2026: Generic Thyroid Drug Pricing,140,26,5400,3,none,low,n,3,bing|clincalc|goodrx-catalog,n,n,Top-5 prescribed — brand/generic substitution caveat
synthroid-cost,Synthroid Cost in 2026: Brand vs Generic Levothyroxine,120,N/A,2900,N/A,none,medium,n,3,bing|clincalc|goodrx-catalog,n,n,Brand companion to levothyroxine
sertraline-cost,Sertraline Cost in 2026: Generic Zoloft Pricing,120,19,4400,11,none,medium,n,3,bing|clincalc|goodrx-catalog,n,n,Cheap SSRI
escitalopram-cost,Escitalopram Cost in 2026: Generic Lexapro Pricing,120,N/A,2900,14,none,medium,n,3,bing|clincalc|goodrx-catalog,n,n,Cheap SSRI
fluoxetine-cost,Fluoxetine Cost in 2026: Generic Prozac Pricing,130,N/A,3600,N/A,none,low,n,3,bing|clincalc|goodrx-catalog,n,n,Cheap SSRI
citalopram-cost,Citalopram Cost in 2026: Generic Celexa Pricing,100,N/A,1900,N/A,none,medium,n,3,bing|clincalc|goodrx-catalog,n,n,Cheap SSRI
duloxetine-cost,Duloxetine Cost in 2026: Generic Cymbalta Pricing,150,N/A,4400,N/A,none,medium,n,2,bing|clincalc|goodrx-catalog,n,n,SNRI
venlafaxine-cost,Venlafaxine Cost in 2026: Generic Effexor Pricing,110,N/A,2400,N/A,none,low,n,3,bing|clincalc|goodrx-catalog,n,n,SNRI
bupropion-cost,Bupropion Cost in 2026: Generic Wellbutrin Pricing,130,N/A,2900,N/A,none,medium,n,3,bing|clincalc|goodrx-catalog,n,n,Atypical antidepressant
trazodone-cost,Trazodone Cost in 2026: Generic Sleep/Depression Pricing,90,N/A,2400,N/A,none,low,n,3,bing|clincalc|goodrx-catalog,n,n,Cheap generic
buspirone-cost,Buspirone Cost in 2026: Generic BuSpar Anxiety Pricing,80,N/A,1300,N/A,none,low,n,3,bing|clincalc|goodrx-catalog,n,n,Cheap anxiolytic
alprazolam-cost,Alprazolam Cost in 2026: Generic Xanax Pricing and DEA Limits,160,N/A,5400,N/A,none,medium,n,3,bing|clincalc|goodrx-catalog,n,n,Benzodiazepine
clonazepam-cost,Clonazepam Cost in 2026: Generic Klonopin Pricing,120,N/A,2400,N/A,none,medium,n,3,bing|clincalc|goodrx-catalog,n,n,Benzodiazepine
lorazepam-cost,Lorazepam Cost in 2026: Generic Ativan Pricing,100,N/A,1900,N/A,none,low,n,3,bing|clincalc|goodrx-catalog,n,n,Benzodiazepine
pregabalin-cost,Pregabalin Cost in 2026: Generic Lyrica Pricing,140,N/A,3600,N/A,none,medium,n,2,bing|clincalc|goodrx-catalog,n,n,Anti-epileptic / neuropathic
lamotrigine-cost,Lamotrigine Cost in 2026: Generic Lamictal Pricing,100,N/A,2400,N/A,none,low,n,3,bing|clincalc|goodrx-catalog,n,n,Anti-epileptic
levetiracetam-cost,Levetiracetam Cost in 2026: Generic Keppra Pricing,90,N/A,1600,N/A,none,low,n,3,bing|clincalc|goodrx-catalog,n,n,Anti-epileptic
topiramate-cost,Topiramate Cost in 2026: Generic Topamax Pricing,110,N/A,2400,N/A,none,low,n,3,bing|clincalc|goodrx-catalog,n,n,Anti-epileptic / migraine
omeprazole-cost,Omeprazole Cost in 2026: Generic Prilosec OTC vs Prescription,100,18,3600,8,none,medium,n,3,bing|clincalc|goodrx-catalog,n,n,OTC vs Rx pricing angle
pantoprazole-cost,Pantoprazole Cost in 2026: Generic Protonix Pricing,110,N/A,2400,N/A,none,medium,n,3,bing|clincalc|goodrx-catalog,n,n,PPI
esomeprazole-cost,Esomeprazole Cost in 2026: Generic Nexium Pricing,120,N/A,2900,N/A,none,medium,n,3,bing|clincalc|goodrx-catalog,n,n,PPI
metoprolol-cost,Metoprolol Cost in 2026: Tartrate vs Succinate Generic Pricing,140,N/A,3600,7,none,low,n,3,bing|clincalc|goodrx-catalog,n,n,Top-10 prescribed beta blocker
carvedilol-cost,Carvedilol Cost in 2026: Generic Coreg Pricing,90,N/A,1300,N/A,none,low,n,3,bing|clincalc|goodrx-catalog,n,n,Beta blocker
hydrochlorothiazide-cost,Hydrochlorothiazide Cost in 2026: Generic Diuretic Pricing,90,N/A,1900,10,none,medium,n,3,bing|clincalc|goodrx-catalog,n,n,Cheap generic
montelukast-cost,Montelukast Cost in 2026: Generic Singulair Pricing and Black Box Warning,160,N/A,3600,18,none,low,n,3,bing|clincalc|goodrx-catalog,n,n,Top-20 prescribed
tramadol-cost,Tramadol Cost in 2026: Generic Opioid Pricing and Schedule IV,90,N/A,2400,19,none,medium,n,3,bing|clincalc|goodrx-catalog,n,n,Schedule IV
warfarin-cost,Warfarin Cost in 2026: Generic Coumadin and DOAC Comparison,100,N/A,2900,N/A,none,medium,n,3,bing|clincalc|goodrx-catalog,n,n,Old anticoagulant
clopidogrel-cost,Clopidogrel Cost in 2026: Generic Plavix Pricing,110,N/A,2900,N/A,none,medium,n,3,bing|clincalc|goodrx-catalog,n,n,Antiplatelet
albuterol-cost,Albuterol Inhaler Cost in 2026: Generic Status and Coverage,180,N/A,8100,13,none,medium,n,2,bing|clincalc|goodrx-catalog,n,n,Generic albuterol limited
advair-cost,Advair Diskus Cost in 2026: Generic Wixela Inhub Switching,210,25,8100,N/A,none,medium,n,2,bing|clincalc|goodrx-catalog,n,n,Generic Wixela available
symbicort-cost,Symbicort Cost in 2026: AirSupra Authorized Generic Pricing,180,16,5400,N/A,none,medium,n,3,bing|clincalc|goodrx-catalog|manufacturer-site,n,n,Authorized generic
spiriva-cost,Spiriva Handihaler Cost in 2026: Tiotropium Pricing and Generic Status,160,N/A,4400,N/A,none,medium,n,3,bing|clincalc|goodrx-catalog,n,n,COPD inhaler
amoxicillin-cost,Amoxicillin Cost in 2026: Generic Antibiotic Pricing,90,N/A,2900,N/A,none,medium,n,3,bing|clincalc|goodrx-catalog,n,n,Antibiotic
azithromycin-cost,Azithromycin Cost in 2026: Z-Pak Generic Pricing,100,N/A,3600,N/A,none,medium,n,3,bing|clincalc|goodrx-catalog,n,n,Antibiotic
ciprofloxacin-cost,Ciprofloxacin Cost in 2026: Generic Cipro Pricing,80,N/A,1900,N/A,none,low,n,3,bing|clincalc|goodrx-catalog,n,n,Antibiotic
doxycycline-cost,Doxycycline Cost in 2026: Generic Antibiotic Pricing,90,N/A,2400,N/A,none,medium,n,3,bing|clincalc|goodrx-catalog,n,n,Antibiotic
humalog-cost,Humalog Cost in 2026: Insulin Lispro Generic and $35 Manufacturer Cap,260,N/A,8100,N/A,none,medium,n,2,bing|clincalc|content-inventory|manufacturer-site,n,n,Re-flagged none per critique #4 — BUSA has no humalog article
lantus-cost,Lantus Cost in 2026: Insulin Glargine Biosimilar Semglee and Basaglar,290,N/A,8100,N/A,none,medium,n,1,bing|clincalc|goodrx-catalog|manufacturer-site,n,n,Re-flagged none per critique #4 — BUSA has no lantus article
basaglar-cost,Basaglar Cost in 2026: Insulin Glargine Biosimilar Coverage,140,N/A,1600,N/A,none,low,n,3,bing|manufacturer-site|goodrx-catalog,n,n,Lantus biosimilar
levemir-cost,Levemir Cost in 2026: Long-Acting Insulin and $35 Cap,180,N/A,2400,N/A,none,medium,n,2,bing|manufacturer-site|goodrx-catalog,n,n,Insulin detemir
tresiba-cost,Tresiba Cost in 2026: Insulin Degludec and $35 Manufacturer Cap,210,N/A,3600,N/A,none,medium,n,3,bing|clincalc|goodrx-catalog|manufacturer-site,n,n,Long-acting insulin
admelog-cost,Admelog Cost in 2026: Sanofi Insulin Biosimilar Coverage,90,N/A,720,N/A,none,low,n,3,bing|manufacturer-site|goodrx-catalog,n,n,Insulin biosimilar
semglee-cost,Semglee Cost in 2026: Insulin Glargine Biosimilar Authorized Generic,180,N/A,1900,N/A,none,low,n,3,bing|goodrx-catalog|manufacturer-site,n,n,Lantus biosimilar
adderall-cost,Adderall Cost in 2026: Generic Mixed Amphetamine Salts and 2026 Shortage,420,N/A,33100,N/A,none,high,n,1,bing|clincalc|goodrx-catalog|fda-drug-shortage-list,n,n,Shortage angle
adderall-xr-cost,Adderall XR Cost in 2026: Generic ADHD Pricing,260,N/A,8100,N/A,none,high,n,2,bing|clincalc|goodrx-catalog,n,n,Extended-release
concerta-cost,Concerta Cost in 2026: Methylphenidate ER Pricing,180,N/A,4400,N/A,none,medium,n,2,bing|clincalc|goodrx-catalog,n,n,Methylphenidate ER
ritalin-cost,Ritalin Cost in 2026: Methylphenidate Generic Pricing,150,N/A,2900,N/A,none,medium,n,3,bing|clincalc|goodrx-catalog,n,n,Methylphenidate
strattera-cost,Strattera Cost in 2026: Atomoxetine Generic ADHD Pricing,140,N/A,2400,N/A,none,medium,n,3,bing|clincalc|goodrx-catalog,n,n,Non-stimulant ADHD
abilify-cost,Abilify Cost in 2026: Aripiprazole Generic and Long-Acting Pricing,180,N/A,5400,N/A,none,medium,n,3,bing|clincalc|goodrx-catalog,n,n,Atypical antipsychotic
caplyta-cost,Caplyta Cost in 2026: Lumateperone Bipolar Depression Pricing,120,N/A,720,N/A,none,low,n,3,bing|goodrx-catalog,n,n,Atypical antipsychotic
rexulti-cost,Rexulti Cost in 2026: Brexpiprazole and Alzheimer's Agitation Indication,140,N/A,1300,N/A,none,low,n,3,bing|goodrx-catalog,n,n,Newer Alzheimer's agitation use
trintellix-cost,Trintellix Cost in 2026: Vortioxetine Depression Pricing,160,N/A,1900,N/A,none,low,n,3,bing|goodrx-catalog,n,n,Newer SSRI
latuda-cost,Latuda Cost in 2026: Lurasidone Generic Pricing,120,N/A,2400,N/A,none,low,n,3,bing|goodrx-catalog,n,n,Generic available
seroquel-cost,Seroquel Cost in 2026: Quetiapine Generic Pricing,100,N/A,2900,N/A,none,low,n,3,bing|goodrx-catalog,n,n,Cheap generic
risperdal-cost,Risperdal Cost in 2026: Risperidone Generic Pricing,90,N/A,1900,N/A,none,low,n,3,bing|goodrx-catalog,n,n,Cheap generic
auvelity-cost,Auvelity Cost in 2026: Dextromethorphan Bupropion Depression Pricing,120,N/A,720,N/A,none,low,n,3,bing|goodrx-catalog,n,n,New antidepressant
spravato-cost,Spravato Cost in 2026: Esketamine Treatment-Resistant Depression Pricing,160,N/A,1300,N/A,none,low,n,3,bing|goodrx-catalog,n,n,REMS in-office
buprenorphine-cost,Buprenorphine Suboxone Cost in 2026: MAT Coverage and Generic Pricing,260,N/A,4400,N/A,slight,medium,n,2,bing|samhsa,n,n,OUD treatment — BUSA has SSI/addiction slight
suboxone-cost,Suboxone Cost in 2026: Buprenorphine-Naloxone Coverage and Assistance,220,N/A,3600,N/A,none,medium,n,2,bing|samhsa|manufacturer-site,n,n,OUD MAT
naltrexone-cost,Naltrexone Vivitrol Cost in 2026: Oral and Injectable Pricing,180,N/A,2400,N/A,none,low,n,3,bing|goodrx-catalog|manufacturer-site,n,n,OUD/AUD
methadone-cost,Methadone Cost in 2026: OTP Coverage and Medicare Part B Bundled Payment,200,N/A,2900,N/A,none,low,n,3,bing|samhsa,n,n,Opioid treatment program
narcan-cost,Narcan Cost in 2026: OTC Naloxone Pricing and Free Programs,290,N/A,8100,N/A,none,medium,n,2,bing|fda|manufacturer-site,n,n,OTC Narcan launched 2023
hiv-prep-cost,"HIV PrEP Cost in 2026: Descovy, Truvada, Apretude and Ready-Set-PrEP",320,N/A,5400,N/A,none,medium,n,2,bing|cdc|ready-set-prep,n,n,Federal Ready-Set-PrEP
descovy-cost,Descovy Cost in 2026: PrEP Pricing and Patient Assistance,140,N/A,1900,N/A,none,medium,n,3,bing|goodrx-catalog|manufacturer-site,n,n,PrEP option
apretude-cost,Apretude Cost in 2026: Long-Acting Injectable PrEP Pricing,120,N/A,720,N/A,none,low,n,3,bing|goodrx-catalog,n,n,LAI PrEP
truvada-cost,Truvada Cost in 2026: Generic PrEP and Patient Assistance,180,N/A,2900,N/A,none,low,n,3,bing|goodrx-catalog|manufacturer-site,n,n,Generic PrEP
hepc-treatment-cost,"Hep C Treatment Cost in 2026: Mavyret, Epclusa, Harvoni Pricing and Coverage",280,N/A,4400,N/A,none,medium,n,2,bing|cdc|hhs-hepc-elimination,n,n,Federal Hep C plan
mavyret-cost,Mavyret Cost in 2026: Glecaprevir Pibrentasvir Hep C Pricing,180,N/A,2400,N/A,none,low,n,3,bing|goodrx-catalog|manufacturer-site,n,n,Hep C drug
epclusa-cost,Epclusa Cost in 2026: Sofosbuvir Velpatasvir Hep C Pricing,160,N/A,1900,N/A,none,low,n,3,bing|goodrx-catalog,n,n,Hep C drug
harvoni-cost,Harvoni Cost in 2026: Generic Authorized Sofosbuvir Ledipasvir Pricing,150,N/A,1300,N/A,none,low,n,3,bing|goodrx-catalog,n,n,Hep C — authorized generic
keytruda-cost,Keytruda Cost in 2026: Pembrolizumab Pricing and Patient Assistance,360,N/A,5400,N/A,none,medium,n,2,bing|goodrx-catalog|manufacturer-site,n,n,Cancer immunotherapy
opdivo-cost,Opdivo Cost in 2026: Nivolumab Pricing and Patient Assistance,280,N/A,2900,N/A,none,medium,n,3,bing|goodrx-catalog|manufacturer-site,n,n,Keytruda competitor
tagrisso-cost,Tagrisso Cost in 2026: AstraZeneca Access 360 Program,160,N/A,1600,N/A,none,low,n,3,bing|manufacturer-site,n,n,EGFR NSCLC
trodelvy-cost,Trodelvy Cost in 2026: Triple-Negative Breast Cancer Treatment Pricing,140,N/A,720,N/A,none,low,n,3,bing|goodrx-catalog,n,n,Oncology specialty
ocrevus-cost,Ocrevus Cost in 2026: Genentech MS Drug Assistance,180,N/A,2900,N/A,none,low,n,2,bing|manufacturer-site|goodrx-catalog,n,n,MS infused biologic
tysabri-cost,Tysabri Cost in 2026: Biogen MS Patient Support,140,N/A,1300,N/A,none,low,n,3,bing|manufacturer-site,n,n,MS biologic
tecfidera-cost,Tecfidera Cost in 2026: Generic Dimethyl Fumarate MS Coverage,140,N/A,1600,N/A,none,low,n,3,bing|goodrx-catalog,n,n,MS oral
veozah-cost,Veozah Cost in 2026: Fezolinetant Menopause Hot Flash Treatment Pricing,160,N/A,2900,N/A,none,medium,n,2,bing|goodrx-catalog|manufacturer-site,n,n,New menopause drug
shingrix-cost,Shingrix Cost in 2026: Shingles Vaccine Medicare Coverage,260,N/A,4400,N/A,slight,medium,n,2,bing|cdc|cms,n,n,IRA $0 adult vaccines
flu-vaccine-cost,Flu Vaccine Cost in 2026: Where to Get It Free,180,N/A,8100,N/A,slight,medium,n,2,bing|cdc,n,n,BUSA free-immunization slight
rsv-vaccine-cost,"RSV Vaccine Cost in 2026: Abrysvo, Arexvy and mRESVIA Coverage",220,N/A,3600,N/A,none,medium,n,2,bing|cdc|cms,n,n,Adult vaccines $0 Medicare Part D
covid-vaccine-cost,COVID Vaccine Cost in 2026: Commercialization Pricing and Coverage,240,N/A,5400,N/A,slight,medium,n,2,bing|cdc,n,n,Post-PHE commercialization
botox-cost,Botox Cost in 2026: Medical vs Cosmetic and Insurance Coverage,260,N/A,12100,N/A,none,medium,n,2,bing|goodrx-catalog,n,n,Medical vs cosmetic coverage
epipen-cost,EpiPen Cost in 2026: Generic Epinephrine Pricing,180,N/A,5400,N/A,none,high,n,1,bing|clincalc|goodrx-catalog,n,n,Generic available
auvi-q-cost,Auvi-Q Cost in 2026: $0 Direct Program EpiPen Alternative,120,N/A,720,N/A,none,low,n,2,bing|manufacturer-site,n,n,EpiPen alternative
adipex-cost,Adipex Phentermine Cost in 2026: Weight Loss Generic Pricing,140,N/A,2400,N/A,none,low,n,3,bing|goodrx-catalog,n,n,Old weight-loss generic
estradiol-cost,Estradiol Cost in 2026: HRT Pricing and Patch vs Pill,180,N/A,3600,N/A,none,low,n,3,bing|goodrx-catalog,n,n,HRT
testosterone-replacement-cost,Testosterone Replacement Therapy Cost in 2026: Coverage and Self-Pay,260,N/A,8100,N/A,none,medium,n,2,bing|goodrx-catalog,n,n,TRT
finasteride-cost,Finasteride Cost in 2026: Generic Propecia Hair Loss Pricing,180,N/A,4400,N/A,none,medium,n,2,bing|goodrx-catalog,n,n,Hair loss
sildenafil-cost,Sildenafil Cost in 2026: Generic Viagra Pricing,260,N/A,9900,N/A,none,high,n,3,bing|goodrx-catalog,n,n,Generic Viagra
tadalafil-cost,Tadalafil Cost in 2026: Generic Cialis Pricing,220,N/A,8100,N/A,none,high,n,3,bing|goodrx-catalog,n,n,Generic Cialis
viagra-cost,Viagra Cost in 2026: Brand Sildenafil Pricing and Generic Comparison,180,N/A,5400,N/A,none,medium,n,2,bing|goodrx-catalog,n,n,Brand companion
cialis-cost,Cialis Cost in 2026: Brand Tadalafil Pricing and Generic Comparison,170,N/A,4400,N/A,none,medium,n,2,bing|goodrx-catalog,n,n,Brand companion
iud-cost,Mirena and Paragard IUD Cost in 2026: Insurance and Cash Pricing,180,N/A,4400,N/A,slight,medium,n,2,bing|goodrx-catalog|manufacturer-site,n,n,Contraceptive — ACA $0 coverage
nexplanon-cost,Nexplanon Cost in 2026: Implant Insurance Coverage,140,N/A,1900,N/A,none,low,n,3,bing|manufacturer-site,n,n,Contraceptive
plan-b-cost,Plan B Cost in 2026: OTC Pricing and Generic Alternatives,160,N/A,2900,N/A,none,medium,n,3,bing|goodrx-catalog,n,n,OTC emergency contraceptive
leqembi-cost,Leqembi Cost in 2026: Alzheimer's Disease Treatment Pricing,160,N/A,1300,N/A,none,low,n,3,bing|cms|manufacturer-site,n,n,Part B with CED registry
kisunla-cost,Kisunla Cost in 2026: Donanemab Alzheimer's Pricing,140,N/A,720,N/A,none,low,n,3,bing|cms|manufacturer-site,n,n,Newer Alzheimer's drug
emgality-cost,Emgality Cost in 2026: Galcanezumab Migraine Prevention Pricing,180,N/A,2400,N/A,none,medium,n,3,bing|goodrx-catalog|manufacturer-site,n,n,CGRP migraine
qulipta-cost,Qulipta Cost in 2026: Atogepant Migraine Prevention Pricing,140,N/A,1300,N/A,none,low,n,3,bing|goodrx-catalog|manufacturer-site,n,n,CGRP migraine
nurtec-cost,Nurtec ODT Cost in 2026: Rimegepant Migraine Treatment Pricing,180,N/A,2900,N/A,none,medium,n,3,bing|goodrx-catalog|manufacturer-site,n,n,CGRP migraine
ubrelvy-cost,Ubrelvy Cost in 2026: Ubrogepant Acute Migraine Pricing,140,N/A,1300,N/A,none,low,n,3,bing|goodrx-catalog|manufacturer-site,n,n,Acute migraine
aimovig-cost,Aimovig Cost in 2026: Erenumab Migraine Prevention Pricing,150,N/A,1900,N/A,none,low,n,3,bing|goodrx-catalog|manufacturer-site,n,n,CGRP migraine
ajovy-cost,Ajovy Cost in 2026: Fremanezumab Migraine Prevention Pricing,140,N/A,1300,N/A,none,low,n,3,bing|goodrx-catalog|manufacturer-site,n,n,CGRP migraine
pradaxa-cost,Pradaxa Cost in 2026: Dabigatran Generic and DOAC Pricing,180,N/A,2400,N/A,none,low,n,3,bing|goodrx-catalog|manufacturer-site,n,n,DOAC class
brilinta-cost,Brilinta Cost in 2026: AstraZeneca Antiplatelet Coverage,140,N/A,1300,N/A,none,low,n,3,bing|goodrx-catalog|manufacturer-site,n,n,Antiplatelet
invokana-cost,Invokana Cost in 2026: Canagliflozin SGLT2 Pricing and Coverage,180,N/A,2400,N/A,none,medium,n,3,bing|goodrx-catalog,n,n,SGLT2 not IRA-negotiated
hydrocodone-acetaminophen-cost,Hydrocodone-Acetaminophen Cost in 2026: Vicodin Generic Pricing,80,N/A,1900,N/A,none,low,n,3,bing|clincalc|goodrx-catalog,n,n,Opioid combo
oxycodone-cost,Oxycodone Cost in 2026: OxyContin Generic Pricing,90,N/A,2400,N/A,none,low,n,3,bing|clincalc|goodrx-catalog,n,n,Opioid
zolgensma-cost,Zolgensma Cost in 2026: $2.1M SMA Gene Therapy Coverage,140,N/A,1900,N/A,none,low,n,2,bing|manufacturer-site|kff,n,n,Gene therapy — SMA
casgevy-sickle-cell-cost,Casgevy Cost in 2026: Sickle Cell Gene Therapy Coverage Rules,140,N/A,1300,N/A,none,low,n,2,bing|manufacturer-site|medicare-gov,n,n,Gene therapy — sickle cell
inflectra-cost,Inflectra Cost in 2026: Infliximab Biosimilar Pricing,140,N/A,720,N/A,none,low,n,3,bing|goodrx-catalog,n,n,Remicade biosimilar
yuflyma-cost,Yuflyma Cost in 2026: Adalimumab Biosimilar Pricing,80,N/A,260,N/A,none,low,n,3,bing|goodrx-catalog,n,n,Humira biosimilar
cyltezo-cost,Cyltezo Cost in 2026: Adalimumab Biosimilar and Interchangeable Status,120,N/A,720,N/A,none,low,n,3,bing|goodrx-catalog,n,n,Humira biosimilar
amjevita-cost,Amjevita Cost in 2026: Adalimumab Biosimilar Pricing,90,N/A,320,N/A,none,low,n,3,bing|goodrx-catalog,n,n,Humira biosimilar
hyrimoz-cost,Hyrimoz Cost in 2026: Adalimumab Biosimilar Pricing,80,N/A,260,N/A,none,low,n,3,bing|goodrx-catalog,n,n,Humira biosimilar
wezlana-cost,Wezlana Cost in 2026: Ustekinumab Biosimilar Pricing,90,N/A,320,N/A,none,low,n,3,bing|goodrx-catalog,n,n,Stelara biosimilar
zoryve-cost,Zoryve Cost in 2026: Roflumilast Topical Psoriasis and Eczema Pricing,140,N/A,720,N/A,none,low,n,3,bing|goodrx-catalog,n,n,Topical non-steroidal
wegovy-without-insurance,Wegovy Without Insurance in 2026: Self-Pay and NovoCare Pricing,680,147,12100,71,none,high,n,1,bing|clincalc|goodrx-catalog|manufacturer-site,n,n,Distinct slug from wegovy-cost
mounjaro-without-insurance,Mounjaro Without Insurance in 2026: LillyDirect Self-Pay Pricing,540,37,8100,84,none,high,n,1,bing|clincalc|goodrx-catalog|manufacturer-site,n,n,LillyDirect angle
zepbound-without-insurance,Zepbound Without Insurance in 2026: LillyDirect Vial Self-Pay,580,N/A,12100,142,none,medium,n,1,bing|clincalc|goodrx-catalog|manufacturer-site,n,n,LillyDirect vial
glp1-without-insurance,How to Get GLP-1 Medications Without Insurance in 2026: Compounded and Direct,420,N/A,8100,N/A,none,high,n,1,bing|goodrx|manufacturer-direct,n,n,GLP-1 access pillar
medicare-extra-help-2026,Medicare Extra Help (LIS) in 2026: Who Qualifies and How to Apply,720,599,12100,N/A,slight,medium,n,2,bing|cms|content-inventory,n,n,BUSA spend-down article slight (re-routed from priority-1 per critique adjudication)
medicare-part-d-cap-2026,Medicare Part D $2100 Out-of-Pocket Cap 2026 Explained,520,N/A,8100,N/A,slight,medium,n,1,bing|cms|ira-2026|kff,n,n,IRA-driven 2026 anchor
medicare-drug-negotiation-2026,Medicare Drug Negotiation Maximum Fair Price 2026: 10 Drugs Explained,480,N/A,4400,N/A,none,medium,n,1,bing|cms|ira-2026|kff|medicare-rights,n,n,Pillar for IRA Round 1 — 10 drugs
medicare-drug-negotiation-2027,Medicare Drug Negotiation 2027: 15 New Drugs Including Ozempic and Wegovy,440,N/A,2900,N/A,none,medium,n,1,bing|cms|ira-2027|kff|aarp,n,n,IRA Round 2 pillar — 15 drugs effective 2027
ira-drug-negotiation-explained,Inflation Reduction Act Drug Price Negotiation Explained (2026),340,N/A,4400,N/A,none,medium,n,1,bing|cms|kff,n,n,IRA evergreen explainer
medicare-glp1-bridge-program-2026,Medicare GLP-1 Bridge Program 2026: $50 Wegovy and Zepbound Copay Explained,260,N/A,1300,N/A,none,low,n,1,bing|cms|medicare-rights,n,n,Bridge program — news cycle
balance-model-medicare-glp1-2027,BALANCE Model 2027: Medicare's Permanent GLP-1 Coverage Program,180,N/A,720,N/A,none,low,n,2,bing|cms|medicare-rights,n,n,Forward-looking 2027 anchor
insulin-35-cap-explained,The $35 Insulin Cap 2026: Medicare and Commercial Coverage,320,N/A,5400,N/A,slight,medium,n,1,bing|cms|kff|manufacturer-sites,n,n,IRA-anchored
step-therapy-medicare-2026,Step Therapy in Medicare Part D 2026: How to Get the Drug Your Doctor Wants,340,143,4400,N/A,slight,low,n,1,bing|cms|healthcare-gov,n,n,Strong broad-match signal
prior-authorization-drug-2026,Prior Authorization for Prescription Drugs in 2026: How to Win an Appeal,320,N/A,5400,N/A,slight,low,n,1,bing|cms|healthcare-gov|kff,n,n,Process page
copay-card-vs-coupon-2026,Drug Manufacturer Copay Cards vs GoodRx Coupons in 2026,420,N/A,3600,N/A,slight,medium,n,1,bing|goodrx-catalog|manufacturer-sites,n,n,High-leverage explainer — combines A + B manufacturer-coupon-vs-goodrx
patient-assistance-programs-2026,Drug Manufacturer Patient Assistance Programs 2026: How to Apply,360,N/A,4400,N/A,slight,medium,n,1,bing|cms,n,n,Pillar PAP article
copay-accumulator-vs-maximizer-2026,Copay Accumulator vs Copay Maximizer in 2026: How They Affect Your Drug Costs,240,N/A,2400,N/A,none,low,n,2,bing|kff|patient-advocate,n,n,Niche insurer policy
specialty-drug-tier-explained,Specialty Drug Tier Costs in 2026: What 30-40% Coinsurance Means,260,N/A,2900,N/A,slight,medium,n,2,bing|kff|goodrx-catalog,n,n,Formulary tier explainer
specialty-tier-coinsurance-2026,Specialty Tier Coinsurance 2026: How to Cap Out-of-Pocket Costs,220,N/A,1900,N/A,slight,medium,n,2,bing|kff|medicare-gov,n,n,Pairs with above
specialty-pharmacy-cost-2026,Specialty Pharmacy Drug Costs in 2026: Why Some Drugs Aren't at Walgreens,280,N/A,2900,N/A,none,low,n,2,bing,n,n,Distribution model
formulary-tier-explained,"Formulary Tier 1 vs Tier 2 vs Tier 3 vs Specialty Tier Explained (2026)",260,N/A,2900,N/A,slight,medium,n,2,bing|medicare-gov|kff,n,n,Formulary basics
non-formulary-drug-coverage,Non-Formulary Drug Coverage 2026: How to Get Insurance to Pay,200,N/A,1600,N/A,slight,medium,n,2,bing|healthcare-gov|kff,n,n,Process page
medication-bin-pcn-explained,What BIN and PCN Numbers Mean on Prescription Drug Cards (2026 Guide),140,N/A,720,N/A,none,low,n,3,bing|medicare-gov,n,n,Drug-card explainer
medicare-part-d-late-enrollment-penalty,Medicare Part D Late Enrollment Penalty 2026: How to Calculate and Avoid,280,N/A,4400,N/A,none,medium,n,1,bing|medicare-gov,n,n,Re-flagged none per critique #3 — no BUSA LEP article exists
medicare-part-d-vs-medicare-advantage-drug,Medicare Part D vs Medicare Advantage Drug Coverage 2026,240,N/A,2900,N/A,slight,medium,n,2,bing|medicare-gov|kff,n,n,Medicare structure
medicaid-drug-formulary-2026,Medicaid Prescription Drug Coverage and Formulary in 2026,320,N/A,2400,N/A,slight,medium,n,2,bing|medicaid-gov,n,n,Medicaid Rx
chip-prescription-coverage-2026,CHIP Prescription Drug Coverage for Kids in 2026,180,N/A,1300,N/A,none,low,n,3,bing|chip-program,n,n,CHIP Rx
glp1-class-cost-comparison,GLP-1 Cost Comparison 2026: Ozempic vs Wegovy vs Mounjaro vs Zepbound,580,57,12100,N/A,none,medium,n,1,bing|goodrx-class-page|kff|clincalc,n,n,Class pillar — also links to state-Medicaid GLP-1 pages on qa-state-eligibility template
sglt2-cost-comparison-2026,SGLT2 Cost Comparison 2026: Jardiance vs Farxiga vs Invokana,360,N/A,3600,N/A,none,low,n,2,bing|goodrx-class-page,n,n,Class pillar
doac-cost-comparison-2026,DOAC Cost Comparison 2026: Eliquis vs Xarelto vs Pradaxa,340,N/A,2900,N/A,none,low,n,2,bing|goodrx-class-page|kff,n,n,DOAC class — both Eliquis Xarelto IRA-negotiated 2026
statins-cost-comparison-2026,Statins Cost Comparison 2026: Lipitor vs Crestor vs Zocor Generics,280,N/A,3600,N/A,none,medium,n,1,bing|goodrx-class-page|clincalc,n,n,Statin class
ssri-cost-comparison-2026,SSRI Cost Comparison 2026: Zoloft vs Lexapro vs Prozac vs Celexa,260,N/A,2900,N/A,none,medium,n,2,bing|goodrx-class-page|clincalc,n,n,SSRI class
cgrp-migraine-class-cost,CGRP Migraine Drug Cost Comparison 2026: Aimovig vs Ajovy vs Emgality,240,N/A,2400,N/A,none,medium,n,2,bing|goodrx-class-page,n,n,CGRP migraine class
adhd-stimulants-cost-comparison,ADHD Stimulants Cost Comparison 2026: Adderall vs Vyvanse vs Concerta,320,N/A,4400,N/A,none,high,n,1,bing|goodrx-class-page|clincalc,n,n,ADHD class
biosimilar-switching-guide-2026,"Biosimilar Switching Guide 2026: Humira, Stelara, Enbrel Biosimilars",320,N/A,4400,N/A,none,low,n,1,bing|fda-purple-book,n,n,Pillar biosimilar landscape
biosimilar-vs-biologic-cost,Biosimilar vs Biologic Drug Cost 2026: Switching Rules and Savings,240,N/A,2400,N/A,none,medium,n,2,bing|fda|kff|goodrx-catalog,n,n,Biosimilar economics
humira-biosimilar-switch,Humira Biosimilar Switch 2026: 8 Approved Alternatives Compared,260,N/A,2900,N/A,none,medium,n,1,bing|fda|goodrx,n,n,Switching guide
biologics-cost-comparison,Biologics for Autoimmune Disease Cost Comparison 2026,240,N/A,2400,N/A,none,medium,n,2,bing|goodrx-class-page|kff,n,n,Class pillar
biosimilar-substitution-laws-state-2026,Biosimilar Substitution Laws by State in 2026,140,N/A,720,N/A,none,low,y,3,bing|fda,n,n,State pharmacist rules
psoriasis-biologics-cost,Psoriasis Biologics Cost Comparison 2026: Humira vs Skyrizi vs Stelara vs Cosentyx,220,N/A,2400,N/A,none,medium,n,2,bing|goodrx-class-page|npf,n,n,Psoriasis class
ra-medication-cost-comparison,Rheumatoid Arthritis Medication Cost Comparison 2026: Humira vs Enbrel vs Rinvoq,200,N/A,2900,N/A,none,medium,n,2,bing|goodrx-class-page|arthritis-foundation,n,n,RA class
crohns-medication-cost,Crohn's Disease Medication Cost Comparison 2026: Stelara vs Skyrizi vs Entyvio,180,N/A,2400,N/A,none,low,n,2,bing|goodrx-class-page|ccfa,n,n,Crohn's class
multiple-sclerosis-drug-cost,Multiple Sclerosis Drug Cost Comparison 2026: Ocrevus vs Tysabri vs Tecfidera,200,N/A,2400,N/A,none,low,n,2,bing|goodrx-class-page|nmss,n,n,MS class
ms-disease-modifying-therapy-cost,MS Disease-Modifying Therapy Cost 2026: Injection vs Oral vs Infusion,160,N/A,1600,N/A,none,low,n,3,bing|goodrx|nmss,n,n,MS DMT delivery
heart-failure-medications-cost,Heart Failure Medication Cost Comparison 2026: Entresto vs Generics,180,N/A,2400,N/A,none,low,n,2,bing|goodrx-class-page|aha,n,n,Heart failure class
asthma-inhalers-cost-comparison,Asthma Inhaler Cost Comparison 2026: Albuterol vs Advair vs Symbicort,260,N/A,3600,N/A,none,medium,n,2,bing|goodrx-class-page,n,n,Asthma class
copd-inhalers-cost-comparison,COPD Inhaler Cost Comparison 2026: Trelegy vs Symbicort vs Breo,240,N/A,2900,N/A,none,medium,n,2,bing|goodrx-class-page,n,n,COPD class
diabetes-medications-cost-by-tier,Diabetes Medication Cost by Insurance Tier 2026,220,N/A,2900,N/A,none,medium,n,2,bing|goodrx-class-page|ada,n,n,Diabetes class
adhd-medications-cost-by-age,ADHD Medication Cost by Age Group 2026: Pediatric vs Adult Coverage,180,N/A,1600,N/A,none,medium,n,2,bing|goodrx,n,n,ADHD age splits
ozempic-for-weight-loss-coverage-2026,Ozempic for Weight Loss Insurance Coverage in 2026,640,N/A,18100,17,none,high,n,1,bing|goodrx-catalog|cms,n,n,Coverage-intent companion
wegovy-medicare-coverage-2026,Wegovy Medicare Coverage in 2026: When Medicare Pays for Weight-Loss Drugs,540,26,12100,71,none,medium,n,1,bing|cms,n,n,CMS weight-loss + cardiac indication
mounjaro-for-weight-loss-coverage-2026,Mounjaro for Weight Loss Coverage in 2026,440,N/A,9900,84,none,medium,n,1,bing|goodrx-catalog,n,n,Off-label weight loss
zepbound-medicare-coverage-2026,Zepbound Medicare Coverage in 2026,420,N/A,5400,142,none,medium,n,2,bing|cms,n,n,On-label weight loss + sleep apnea
ozempic-medicare-coverage-2026,Ozempic Medicare Coverage in 2026: T2D Only or Off-Label Weight Loss,460,N/A,12100,17,none,high,n,1,bing|cms,n,n,Coverage rules
eliquis-medicare-2026,Eliquis Medicare Coverage in 2026: $35 IRA Maximum Fair Price Explained,420,N/A,8100,30,none,medium,n,1,bing|cms|ira-2026,n,n,IRA $35/month MFP
jardiance-medicare-2026,Jardiance Medicare Coverage in 2026: IRA Maximum Fair Price,360,N/A,5400,43,none,medium,n,1,bing|cms|ira-2026,n,n,IRA negotiated coverage
medicare-cover-ozempic-diabetes,Does Medicare Cover Ozempic for Diabetes in 2026 (Not Weight Loss),380,N/A,5400,17,none,high,n,1,bing|medicare-gov|kff,n,n,T2D coverage rule
medicare-cover-leqembi,Does Medicare Cover Leqembi for Alzheimer's in 2026,180,N/A,1300,N/A,none,low,n,2,bing|medicare-gov|cms,n,n,Part B + CED
alzheimer-drug-coverage-2026,Alzheimer's Drug Coverage 2026: Leqembi and Kisunla Medicare Rules,160,N/A,1300,N/A,none,low,n,2,bing|medicare-gov|alzheimer-org,n,n,Alzheimer class
glp1-medicaid-coverage-overview,GLP-1 Medicaid Coverage 2026 Overview: How State Coverage Varies,260,N/A,3600,N/A,slight,low,n,1,bing|kff|state-medicaid,n,n,Pillar overview — links to qa-state-eligibility state pages
glp1-aca-marketplace-coverage,GLP-1 Coverage on ACA Marketplace Plans in 2026,240,N/A,2900,N/A,none,medium,n,1,bing|healthcare-gov|kff,n,n,ACA marketplace
hiv-medications-aca-coverage,HIV Medications Under the ACA 2026: PrEP and Treatment Coverage Rules,180,N/A,1900,N/A,none,medium,n,2,bing|healthcare-gov|cdc,n,n,ACA + HIV
how-to-get-prep-free,How to Get PrEP for Free in 2026: Ready Patient Assistance and ACA,260,N/A,2400,N/A,none,medium,n,1,bing|cdc|gilead,n,n,Access pillar
ozempic-prior-auth-appeal,How to Appeal an Ozempic Prior Authorization Denial in 2026,260,N/A,2400,N/A,none,medium,n,1,bing|goodrx|kff,n,n,Appeal recipe
wegovy-prior-auth-appeal,How to Appeal a Wegovy Prior Authorization Denial in 2026,220,N/A,1900,N/A,none,medium,n,2,bing|goodrx|kff,n,n,Appeal recipe
ozempic-shortage-2026,Ozempic Shortage in 2026: Why You Can't Get It and What to Try,420,N/A,8100,17,none,medium,n,2,bing|fda,n,n,FDA resolved shortage Oct 2024
adhd-medication-shortage-2026,ADHD Medication Shortage 2026: Adderall and Vyvanse Updates,360,N/A,5400,N/A,none,medium,n,1,bing|fda-drug-shortage-list|goodrx,n,n,DEA quota + supply
compounded-glp1-cost-2026,Compounded GLP-1 Cost in 2026: Why Compounders Are Shutting Down,380,N/A,5400,N/A,none,low,n,2,bing|fda,n,n,FDA enforcement post-shortage
lilly-direct-self-pay-pricing-2026,"LillyDirect Self-Pay Pricing in 2026: Zepbound, Mounjaro Direct-to-Consumer",360,N/A,3600,N/A,none,low,n,1,bing|lilly-press,n,n,DTC Rx pharmacy
novocare-direct-self-pay-2026,"NovoCare Direct Self-Pay Pricing 2026: Wegovy, Ozempic Direct-to-Consumer",320,N/A,2900,N/A,none,low,n,1,bing|novocare-press,n,n,Novo DTC
drug-coupon-stacking-rules-2026,Drug Coupon and Copay Card Stacking Rules in 2026,260,N/A,1900,N/A,slight,low,n,2,bing,n,n,Power-user content
state-pharmaceutical-assistance-programs,State Pharmaceutical Assistance Programs (SPAPs) by State 2026,200,N/A,1600,N/A,none,low,y,2,bing|cms|state-spap-list,n,n,SPAP directory
free-narcan-by-state,How to Get Free Narcan by State 2026,160,N/A,1300,N/A,slight,low,y,2,bing|samhsa|state-programs,n,n,State Narcan
mail-order-pharmacy-cost-2026,Mail-Order Pharmacy Cost Savings in 2026: 90-Day Supply Math,260,N/A,3600,N/A,slight,low,n,2,bing|medicare-gov,n,n,Saving tactic
specialty-pharmacy-vs-retail,Specialty Pharmacy vs Retail: When You're Forced to Use One (2026),180,N/A,1300,N/A,none,low,n,3,bing|goodrx|medicare-gov,n,n,Specialty distribution
canada-vs-us-drug-prices-2026,Canada vs US Prescription Drug Prices in 2026: Importation Rules and Legal Pathways,290,N/A,4400,N/A,none,low,n,3,bing|fda|kff,n,n,Florida importation 2024
international-drug-importation-legal,Personal Drug Importation from Canada and Mexico 2026: Legal Rules and Risks,160,N/A,1300,N/A,none,low,n,3,bing|fda,n,n,Personal importation
mark-cuban-cost-plus-drugs-2026,Mark Cuban Cost Plus Drug Company in 2026: Which Drugs and Real Savings,420,N/A,12100,N/A,slight,medium,n,1,bing|costplusdrugs|goodrx,n,n,DTC Rx pharmacy
amazon-pharmacy-cost-2026,Amazon Pharmacy Prescription Cost in 2026: Prime Rx Savings,280,N/A,4400,N/A,none,low,n,2,bing|amazon-pharmacy|goodrx,n,n,DTC competitor
costco-pharmacy-no-membership,Costco Pharmacy Without Membership 2026: Drug Pricing for Anyone,220,N/A,2900,N/A,none,low,n,2,bing|costco-pharmacy|goodrx,n,n,No-membership rule
walmart-4-dollar-drug-list,Walmart $4 Generic Drug List 2026 (Updated),300,N/A,4400,N/A,none,medium,n,2,bing|walmart|goodrx,n,n,Discount generic list
publix-free-medications,Publix Free Antibiotics and Diabetes Medications 2026 List,180,N/A,1600,N/A,none,low,n,3,bing|publix,n,n,Grocery free Rx
hy-vee-free-medications,Hy-Vee Free Medications Program 2026 List,140,N/A,720,N/A,none,low,n,3,bing|hy-vee,n,n,Grocery free Rx
prescription-discount-cards-compared,Prescription Discount Cards Compared 2026: GoodRx vs SingleCare vs RxSaver,260,N/A,3600,N/A,slight,medium,n,1,bing|goodrx|singlecare,n,n,Card comparison
goodrx-vs-singlecare,GoodRx vs SingleCare in 2026: Which Saves More on Generics,200,N/A,1900,N/A,slight,medium,n,2,bing|goodrx|singlecare,n,n,Pairwise
brand-vs-generic-drug-cost,Brand vs Generic Drug Cost 2026: Bioequivalence and Savings Explained,300,N/A,9900,N/A,none,medium,n,1,bing|fda|goodrx,n,n,Re-flagged none per critique #5 (no BUSA brand-vs-generic article)
hsa-prescription-drugs-2026,Using HSA for Prescription Drugs in 2026: Eligibility and Reimbursement,260,N/A,3600,N/A,slight,medium,n,2,bing|irs,n,n,HSA-eligible Rx
fsa-prescription-drugs-2026,Using FSA for Prescription Drugs in 2026: Eligibility and Use-It-Or-Lose-It,240,N/A,2900,N/A,slight,medium,n,2,bing|irs,n,n,FSA-eligible Rx
prescription-drug-tax-deduction-2026,Are Prescription Drugs Tax-Deductible in 2026?,220,N/A,3600,N/A,slight,low,n,2,bing|irs,n,n,Medical-expense deduction
clinical-trial-drug-cost-2026,Clinical Trial Drugs in 2026: When Free Drugs Are Real and How to Apply,180,N/A,1900,N/A,none,low,n,3,bing|clinicaltrials-gov,n,n,Trials as workaround
expanded-access-compassionate-use-2026,Expanded Access and Compassionate Use Programs in 2026: Free Investigational Drugs,160,N/A,1300,N/A,none,low,n,3,bing|fda,n,n,FDA EAP
340b-drug-pricing-explained-2026,340B Drug Pricing Program in 2026: How Some Hospitals Get Drugs Cheaper,120,N/A,1300,N/A,none,low,n,3,bing|hrsa|kff,n,n,Hospital outpatient
how-to-get-insulin-uninsured,How to Get Insulin When Uninsured in 2026,360,N/A,5400,21,none,medium,n,SKIP,bing|content-inventory,n,y,Already queued (CU-135)
tier-exceptions-medicare-part-d,Tier Exceptions and Step Therapy Appeals in Medicare Part D 2026,380,40,3600,N/A,none,low,n,SKIP,bing|content-inventory,n,y,Already queued
generic-vs-brand-drug-cost,Generic vs Brand-Name Drug Cost in 2026: When the Switch Saves Money,420,N/A,9900,N/A,none,medium,n,SKIP,bing|content-inventory,n,y,Already queued (CU-161) — dedup with brand-vs-generic-drug-cost above
goodrx-vs-insurance-2026,GoodRx vs Insurance in 2026: When the Coupon Beats the Copay,280,N/A,4400,N/A,heavy,medium,n,SKIP,bing,n,n,BUSA has 'Medicare Part D vs GoodRx' — heavy
how-to-get-free-meds-low-income,How to Get Free Prescription Medications If You're Low-Income in 2026,360,N/A,5400,N/A,heavy,medium,n,SKIP,bing|rxassist,n,n,BUSA has 'Free Prescription Drugs Low Income' — heavy
needymeds-vs-rxassist,NeedyMeds vs RxAssist 2026: Free Drug Database Comparison,180,N/A,1300,N/A,slight,low,n,3,bing|needymeds|rxassist,n,n,PAP database tools
partnership-prescription-assistance-program,Partnership for Prescription Assistance (PPA) 2026 Guide,140,N/A,880,N/A,slight,low,n,3,bing|pparx,n,n,PPA portal
