topic,title_hint,demand_score,bing_impressions_weekly,google_monthly_volume,utilization_rank,busa_overlap,competitor_density,state_specific,priority,sources,already_live,already_queued,subsidy_cliff_hit,notes
1099-contractors,Health Insurance for 1099 Contractors 2026: Coverage + SE Tax Deduction Guide,940,117,1900,IRS-1099-volume-15M+-filers,slight,high,n,1,"bing-related(1099),bing-related(602)(health-insurance-for-self-employed),IRS-Form-1099-NEC-stats,competitor-landscape-§6,CONTENT_INVENTORY-CU-220,B(Stride+HealthCare.gov+GoodRx+HSAforAmerica)",n,y,y,
small-business-owners,Health Insurance for Small Business Owners 2026: SHOP vs ICHRA vs QSEHRA vs Individual,820,924,2900,Census-32M-small-businesses,slight,high,n,1,"bing-related(924+379+111+358)(small-business-health-insurance-variants),Census-SBA-data,CONTENT_INVENTORY-CU-215,B(HSAforAmerica+NerdWallet+SmallBizMag+HealthCare.gov)",n,y,y,
doordash-uber-drivers,Health Insurance for DoorDash and Uber Drivers 2026: 1099 + State Stipend Options,600,16,1300,BLS-rideshare-1.5M-active-drivers,slight,high,y,1,"bing-related(driver-coverage-signal-deflated-per-critique),competitor-landscape-§6(uber-california-callout),CONTENT_INVENTORY-CU-156,B(Stride+DasherCentral+SoloCovered+UnitedNational),GigWorker-Reddit-r-doordash",n,y,n,Critique demand_score deflated from 2890 (brand non-coverage intent)
instacart-shoppers,Health Insurance for Instacart Shoppers 2026: 1099 Gig Coverage + State Programs,400,0,1100,GigEconomy-Instacart-600K+-shoppers,slight,medium,y,2,"bing-related(deflated-per-critique),BLS-+-Instacart-PR-data,B(Stride+SoloCovered)",n,n,n,Critique demand_score deflated from 4120 (brand non-coverage intent)
amazon-flex-drivers,Health Insurance for Amazon Flex Drivers 2026: 1099 Coverage + State Marketplace,810,0,500,Amazon-Flex-100K+-drivers,slight,medium,y,2,"bing-related(44556)(amazon-flex),bing-related(5686)(amazon-flex-jobs),B(Stride+UnitedNational+SoloCovered)",n,n,n,
grubhub-drivers,Health Insurance for Grubhub Drivers 2026: 1099 Coverage Guide,200,0,400,niche-gig-cohort,none,low,y,2,"B(Stride+SoloCovered)",n,n,n,
shipt-shoppers,Health Insurance for Shipt Shoppers 2026: Gig Coverage Guide,150,0,300,niche-gig-cohort,none,low,y,3,"B(Stride+SoloCovered)",n,n,n,
postmates-taskrabbit-gig,Health Insurance for Postmates and TaskRabbit Gig Workers 2026,150,0,300,niche-gig-cohort,none,low,n,3,"B(Stride+SoloCovered)",n,n,n,Merged Postmates+TaskRabbit (both niche)
part-time-workers,Health Insurance for Part-Time Workers 2026: When Employers Skip Coverage,720,23,1600,BLS-25M-part-time-workers,slight,medium,n,1,"bing-related(part-time-workers-seed),seed-stats(20-broad-22weeks),BLS-CPS-Table-A-9,competitor-landscape-§6,CONTENT_INVENTORY-CU-216,B(NerdWallet+eHealth+HealthCare.gov)",n,y,y,
seasonal-workers,Health Insurance for Seasonal Workers 2026: Off-Season Coverage Options,180,0,400,BLS-7M-seasonal-workers,slight,low,n,2,"bing-related-seed,BLS-CPS-Seasonal-Employment,B(HealthCare.gov+GoodRx)",n,n,y,
temp-staffing-workers,Health Insurance for Temp + Staffing Agency Workers 2026,150,0,400,BLS-staffing-employment,none,low,n,3,"B(HealthCare.gov+NerdWallet)",n,n,n,
contract-workers,Health Insurance for Contract Workers 2026: W2 vs 1099 Decision Guide,300,0,800,contract-workforce-niche,slight,medium,n,2,"B(HealthCare.gov+GoodRx+AzHealthInsurance)",n,n,y,
veterans,Health Insurance for Veterans 2026: VA + TRICARE + Marketplace Coverage Stack,1000,46,3200,VA-9M-enrolled-+-19M-veterans,slight,high,n,1,"bing-stats(46-weekly-broad),bing-related(394137-deflated-per-critique),VA-utilization-stats,B(VA.gov+Military.com+AmericanDiabetes+AmericanCancerSociety)",n,n,n,Critique demand_score deflated from 2400 (brand non-coverage intent)
veterans-family-tricare-champva,Health Insurance for Veterans' Spouses + Family 2026: TRICARE + CHAMPVA + Marketplace,360,0,900,DOD-9M-TRICARE-beneficiaries,slight,medium,n,2,"BUSA-veteran-spouse-derivative-benefits(slight),DOD-TRICARE-Statistical-Reports,B(VA.gov+TRICARE+Military.com)",n,n,n,
military-spouses,Health Insurance for Military Spouses 2026: TRICARE + Marketplace During Deployment,210,0,500,DOD-1M-active-duty-spouses,slight,medium,n,2,"DOD-Demographics-Profile,B(VA.gov+TRICARE+Military.com)",n,n,n,
active-duty-military,Health Insurance for Active Duty Military 2026: TRICARE Coverage Guide,150,0,400,DOD-active-duty-cohort,slight,low,n,3,"B(TRICARE+Military.com)",n,n,n,
national-guard-reservists,Health Insurance for National Guard and Reservists 2026: TRICARE Reserve Select,150,0,400,DOD-reserve-cohort,none,low,n,3,"B(TRICARE+Military.com)",n,n,n,
veterans-100-disabled-champva,Health Insurance for 100% Disabled Veterans and Spouses 2026: CHAMPVA Guide,180,0,400,VA-disabled-cohort,slight,low,n,2,"B(VA.gov+HillAndPonton+CHAMPVA)",n,n,n,
children-kids,Health Insurance for Kids 2026: CHIP vs Medicaid vs Family Marketplace Plan,1100,24,2400,CHIP-7M-+-Medicaid-37M-kids,slight,medium,n,1,"bing-stats(24-strict-22weeks),bing-related(13113)(healthy-kids)+(297)(health-insurance-for-kids)+(540)(chip-medicaid),Census-children-uninsured,B(KFF+HealthCare.gov)",n,n,n,
teenagers,Health Insurance for Teenagers 2026: Parent Plan + CHIP Eligibility,200,0,500,Census-teen-cohort,slight,low,n,2,"B(HealthCare.gov+KFF)",n,n,n,
single-mothers,Health Insurance for Single Mothers 2026: Medicaid Income Limits + Marketplace Subsidies,610,16,1900,Census-15M-single-mom-households,slight,high,n,1,"bing-related(649)(grants-for-single-mothers),bing-related(141)(housing-programs-for-single-mothers),Census-Family-Structure-Table-FG-10,B(WealthySingleMommy+SingleMomsSociety+Anthem)",n,n,n,
single-fathers,Health Insurance for Single Fathers 2026: Subsidy Math + Child-Only Plans,200,0,500,Census-2M-single-dad-households,none,low,n,2,"Census-Family-Structure-Table-FG-10(single-fathers),B(WealthySingleMommy+eHealth)",n,n,n,
single-parents,Health Insurance for Single Parents 2026: Subsidy Math + Child-Only Plans,520,12,1400,Census-11M-single-parent-households,slight,medium,n,1,"Census-Family-Structure,competitor-landscape-§6,B(WealthySingleMommy+eHealth+Anthem+Lively)",n,n,n,
pregnant-women,Health Insurance for Pregnant Women 2026: Medicaid Pregnancy Coverage + Marketplace SEP,830,16,3600,CDC-3.6M-births-yearly,slight,medium,n,1,"bing-stats(16-broad-3weeks),bing-related(220)(rsv-vaccine-pregnant),CDC-NCHS-Birth-Data,competitor-landscape-§5(SEP-pregnancy-state-extension),B(HealthCare.gov+Medicaid.gov+KFF)",n,n,n,
new-parents-newborn,Health Insurance When You Have a Baby 2026: Newborn Enrollment SEP + Family Plan Switch,360,0,1200,CDC-3.6M-births-yearly,slight,medium,n,1,"overlap-with-pregnant-women+family,SEP-life-event-overlap,B(HealthCare.gov+KFF+eHealth)",n,n,n,
adoptive-parents,Health Insurance for Adoptive Parents 2026: SEP + Pre-Adoption Medicaid,160,0,400,HHS-AFCARS-Adoptions-yearly,none,low,n,3,"HHS-AFCARS-Adoption-Data,SEP-trigger,B(HealthCare.gov+AdoptionNetwork)",n,n,n,
parents-young-kids,Health Insurance for Parents of Young Children 2026: Family Plan Guide,300,0,800,US-parent-cohort,none,medium,n,2,"B(HealthCare.gov+KFF+eHealth)",n,n,n,
families-of-4-plus,Health Insurance for Families of 4 or More 2026: Family Plan Cost Guide,360,0,1100,Census-large-family-cohort,slight,medium,n,1,"B(HSAforAmerica+Venteur+KFF)",n,n,y,
blended-families,Health Insurance for Blended Families 2026: Step-Parent + Custody Coverage,180,0,400,Pew-blended-family-cohort,none,low,n,2,"B(eHealth+HealthInsurance.org)",n,n,n,
stay-at-home-moms,Health Insurance for Stay-at-Home Moms 2026: Spouse Plan vs Medicaid vs Marketplace,520,0,1100,Census-9M-stay-at-home-moms,slight,medium,n,2,"bing-related(9735)(stay-at-home),Census-Stay-at-Home-Parent-Data,Reddit-r-mommit-evidence,B(SingleMomsSociety+Anthem+HealthCare.gov)",n,n,n,SUBTYPE DISPATCH per critique (Medicaid-spouse-income vs marketplace-under-spouse)
stay-at-home-parents,Health Insurance for Stay-at-Home Parents 2026: Family Coverage Options,200,0,500,Census-11M-stay-at-home-parents,slight,medium,n,2,"companion-to-stay-at-home-moms,B(SingleMomsSociety+Anthem+HealthCare.gov)",n,y,n,Already in queue
newly-married,Health Insurance for Newly Married Couples 2026: SEP + Joint Plan Optimization,200,0,500,CDC-NCHS-2M-marriages-yearly,none,medium,n,2,"CDC-NCHS-Marriage-Data,SEP-trigger-overlap-with-event-template,B(HSAforAmerica+HealthCare.gov+eHealth)",n,n,n,
married-couples,Health Insurance for Married Couples 2026: Joint vs Separate Plan Decision,200,0,500,married-cohort,none,medium,n,2,"B(HSAforAmerica+Anthem+HealthCare.gov)",n,n,n,
divorced,Health Insurance After Divorce 2026: SEP Triggers + Marketplace + COBRA,210,0,700,CDC-NCHS-700K-divorces-yearly,slight,medium,n,1,"CDC-NCHS-Divorce-Rate,BUSA-divorce-life-event(slight-overlap),SEP-trigger,B(HealthCare.gov+HealthInsurance.org)",n,n,n,
widows-widowers,Health Insurance for Widows and Widowers 2026: Survivor Coverage + SEP,180,0,400,Census-12M-widows,none,low,n,2,"Census-Marital-Status-CPS,B(HealthCare.gov+SSA.gov)",n,n,n,
unemployed,Health Insurance When Unemployed 2026: COBRA vs Marketplace SEP vs Medicaid,700,20,3200,BLS-7M-unemployed-monthly,slight,high,n,1,"bing-stats(20-broad-12weeks),bing-related(2356)(cobra-health-insurance),BLS-Unemployment-Rate-CPS,competitor-landscape-§5(lost-job-trigger-event),B(HealthCare.gov+NerdWallet+KFF)",n,n,y,
between-jobs,Health Insurance Between Jobs 2026: COBRA + Short-Term + Marketplace Decision,400,0,1100,job-transition-cohort,slight,high,n,1,"B(HealthCare.gov+NerdWallet+eHealth)",n,n,y,
just-laid-off,Health Insurance After Being Laid Off 2026: 60-Day SEP + COBRA Guide,400,0,1100,layoff-cohort,slight,high,n,1,"B(HealthCare.gov+DOL+NerdWallet)",n,n,y,
fired-from-job,Health Insurance After Being Fired 2026: Coverage Continuation Guide,180,0,500,terminated-employee-cohort,none,medium,n,2,"B(HealthCare.gov+DOL)",n,n,y,
just-quit-to-start-business,Health Insurance After Quitting to Start a Business 2026: Voluntary Exit Coverage Bridge,260,0,700,voluntary-exit-entrepreneur-cohort,slight,medium,n,1,"critique-§1.2-missing-persona,no-involuntary-SEP-loss-of-MEC-only,1099-path-tax-bundle",n,n,y,Critique-added P1 persona (voluntary exit, distinct from laid-off)
job-changers-cobra,Health Insurance When Changing Jobs 2026: COBRA vs Marketplace Decision,260,0,700,job-changer-cohort,slight,medium,n,1,"B(HealthCare.gov+DOL+NerdWallet)",n,n,y,
recently-laid-off-tech,Health Insurance After a Tech Layoff 2026: COBRA vs Marketplace SEP + Subsidy Optimization,210,0,500,Layoffs-fyi-tech-layoff-tracker,slight,medium,n,2,"Layoffs-fyi-data,2024-25-tech-layoff-cycle-evidence",n,n,y,
returning-to-work,Health Insurance When Returning to Work After Leave 2026: Coverage Resumption,140,0,300,return-to-work-cohort,none,low,n,3,"B(HealthCare.gov+DOL)",n,n,n,
graduate-students,Health Insurance for Graduate Students 2026: SHIP vs Marketplace vs Parent's Plan,460,18,1400,NCES-3M-graduate-students,slight,low,n,2,"bing-related(1162)(scholarships-for-grad),NCES-IPEDS-Enrollment,B(HealthCare.gov+NerdWallet+GradResources)",n,n,n,
recent-grads,Health Insurance for Recent College Grads 2026: Aging Off Parents Plan + SEP,360,0,1000,recent-grad-cohort,slight,medium,n,1,"B(HealthCare.gov+NerdWallet+eHealth)",n,n,n,
dependents-aging-off-26,Health Insurance When Turning 26 and Dropping Off Parents Plan 2026: SEP + Marketplace,300,22,800,turning-26-cohort,slight,medium,n,1,"critique-§1.3-missing-persona,bing-related(22-weekly-broad-turning-26),pair-with-event-template",n,n,n,Critique-added P1 persona variant (separate from recent-grads)
twentysomethings,Health Insurance for People in Their 20s 2026: Catastrophic + Bronze Plan Guide,300,0,900,Census-20s-cohort,none,medium,n,2,"B(HealthCare.gov+GoodRx+NerdWallet)",n,n,n,
thirtysomethings,Health Insurance for People in Their 30s 2026: ACA Plan Strategy,180,0,500,Census-30s-cohort,none,low,n,3,"B(NerdWallet+HealthCare.gov)",n,n,n,
fortysomethings,Health Insurance for People in Their 40s 2026: ACA + HSA Strategy,180,0,500,Census-40s-cohort,none,low,n,3,"B(NerdWallet+HSAforAmerica)",n,n,n,
fiftysomethings,Health Insurance for People in Their 50s 2026: Pre-Medicare Coverage Guide,300,0,900,Census-50s-cohort,none,medium,n,2,"B(NerdWallet+MoneyGeek+HSAforAmerica)",n,n,y,
sixtysomethings-pre-medicare,Health Insurance for People in Their Early 60s (Pre-65) 2026: Bridge to Medicare,400,0,1100,pre-medicare-bridge-cohort,none,medium,n,1,"B(MoneyGeek+NerdWallet+HSAforAmerica)",n,n,y,
early-retirees-pre-65,Health Insurance for Early Retirees Before Medicare 2026: Bridge Coverage Options,580,12,2200,Census-3M-retired-pre-65,heavy,high,n,1,"bing-related-seed,FIRE-movement-reddit-evidence,B(MoneyGeek+NerdWallet+HSAforAmerica+FireMovementBlogs),CU-LIVE-early-retirees",y,n,y,Already live as early-retirees — flagged for SEO/keyword variant page or merge
seniors-over-65-not-on-medicare,Health Insurance for Seniors Over 65 Not Yet on Medicare 2026: Late Enrollment Options,260,0,500,Niche-cohort,none,low,n,3,"bing-related(198)(insurance-for-seniors-over-65),niche-question,already-live(turning-65-event)",n,n,n,
seniors-fixed-income,Health Insurance for Seniors on Fixed Income 2026: Medicare + Extra Help Guide,260,0,700,KFF-Medicare-Beneficiary-stats,slight,medium,n,2,"B(Medicare.gov+SSA.gov+KFF)",n,n,n,
caregivers,Health Insurance for Family Caregivers 2026: Coverage While You Care,260,0,700,AARP-53M-unpaid-caregivers,heavy,medium,n,1,"AARP-Caregiving-Survey,critique-§3.2-BUSA-overlap-heavy,B(AARP+Caregiving.org+KFF)",n,n,n,Re-angle as 'health-insurance-while-caregiving' per critique
caregivers-aging-parents,Health Insurance When Caring for Aging Parents 2026: Sandwich-Gen Coverage Guide,400,0,1100,AARP-53M-sandwich-gen-cohort,heavy,medium,n,1,"critique-§1.1-missing-persona,AARP-sandwich-gen-data,distinct-from-generic-caregivers",n,n,n,Critique-added P1 persona (sandwich-gen variant)
caregivers-paid,Health Insurance for Paid Caregivers 2026: Home Health Aide + 1099 + Agency,180,0,400,BLS-3.5M-home-health-aides,heavy,low,n,2,"BLS-OES-31-1120,1099-overlap,caregiver-overlap,critique-§3.2-heavy-overlap",n,n,y,
disabled-ssdi,Health Insurance for SSDI Recipients 2026: Medicare 24-Month Wait + Marketplace,300,0,900,SSDI-cohort,slight,medium,n,1,"B(SSA.gov+Medicare.gov+KFF)",n,n,n,
disabled-ssi,Health Insurance for SSI Recipients 2026: Medicaid Automatic Enrollment,260,0,800,SSI-cohort,slight,medium,n,1,"B(SSA.gov+Medicaid.gov+KFF)",n,n,n,
disabled-non-ssdi,Health Insurance for Disabled Adults Not on SSDI 2026: Marketplace + State Programs,330,0,1000,Census-42M-with-disability,slight,medium,n,2,"Census-American-Community-Survey-Disability,BUSA-overlap(SSDI-focus)",n,n,n,
people-with-disabilities,Health Insurance for People with Disabilities 2026: ACA Pre-Existing Protections,260,0,800,KFF-disability-population,slight,medium,n,1,"B(KFF+HealthCare.gov+DisabilityRights)",n,n,n,
people-pre-existing-conditions,Health Insurance with Pre-Existing Conditions 2026: ACA Protections + Plan Selection,260,0,800,KFF-pre-existing-population,none,medium,n,1,"KFF-Pre-Existing-Condition-Survey,B(HealthCare.gov+KFF+CMS)",n,n,n,
chronic-disease-patients,Health Insurance for People with Chronic Conditions 2026: Plan Selection Guide,260,0,800,KFF-chronic-cohort,none,medium,n,1,"B(GoodRx+NerdWallet+KFF)",n,n,n,
diabetes-patients,Health Insurance for People with Diabetes 2026: Plan + Rx Coverage,300,0,900,ADA-diabetes-cohort,none,medium,n,1,"B(AmericanDiabetes+GoodRx+HealthInsurance.org)",n,n,n,
heart-disease-patients,Health Insurance for People with Heart Disease 2026: Plan Selection,180,0,500,AHA-heart-cohort,none,low,n,2,"B(AmericanHeartAssoc+GoodRx)",n,n,n,
cancer-survivors,Health Insurance for Cancer Survivors 2026: ACA Protections + Plan Selection,200,0,500,ACS-cancer-survivors,none,low,n,2,"B(AmericanCancerSociety+KFF)",n,n,n,
mental-health-patients,Health Insurance for Mental Health Conditions 2026: Parity Act + Coverage,300,0,900,NAMI-mental-health-cohort,none,medium,n,2,"B(NAMI+KFF+HealthCare.gov)",n,n,n,
addiction-recovery,Health Insurance for People in Addiction Recovery 2026: SUD Coverage Guide,200,0,500,SAMHSA-SUD-cohort,none,low,n,2,"B(SAMHSA+KFF)",n,n,n,
hiv-positive,Health Insurance for People Living with HIV 2026: ADAP + Marketplace,180,0,500,HIV-cohort,none,low,n,2,"B(HIV.gov+KFF+HRSA)",n,n,n,
autoimmune-conditions,Health Insurance for People with Autoimmune Conditions 2026: Specialty Drug Coverage,180,0,500,autoimmune-cohort,none,low,n,3,"B(AutoimmuneAssoc+GoodRx+KFF)",n,n,n,
freelancers,Health Insurance for Freelancers 2026: Complete Guide,500,0,1500,FreelancersUnion-67M-freelancer-cohort,slight,high,n,1,"B(Stride+Catch+FreelancersUnion+HSAforAmerica+Worksuite+GoodRx)",n,n,y,
sole-proprietors,Health Insurance for Sole Proprietors 2026: SE Deduction + ICHRA vs Marketplace,440,0,1100,IRS-27M-Schedule-C-filers,slight,medium,n,1,"IRS-SOI-Sole-Proprietorship-stats,subsidy-cliff-overlap-strong,B(HealthCare.gov+GoodRx+IRS)",n,n,y,
solopreneurs,Health Insurance for Solopreneurs 2026: ACA + HSA Stack Guide,200,0,500,solopreneur-cohort,none,low,n,2,"B(HSAforAmerica+Catch+Lettuce)",n,n,y,
startup-founders-entrepreneurs,Health Insurance for Startup Founders + Entrepreneurs 2026: Pre-Revenue Coverage,300,0,800,YC-+-startup-cohort,none,medium,n,2,"bing-related-seed,YC-handbook,Crunchbase-funded-stage-data,merged-with-entrepreneurs-per-critique,B(HSAforAmerica+Catch+Lettuce)",n,n,y,Merged entrepreneurs (deflated from 1240) + startup-founders per critique
agency-owners,Health Insurance for Agency Owners 2026: Group vs Individual Decision Guide,180,0,400,agency-owner-cohort,none,low,n,2,"B(HSAforAmerica+SHRM)",n,n,y,
consultants,Health Insurance for Consultants 2026: 1099 Solo Practitioner Coverage + SEP IRA Bundle,300,0,800,BLS-Mgmt-Consultant-cohort,none,medium,n,1,"BLS-OES-13-1111,1099-overlap-+-tax-bundle-angle,B(BCBS+Cigna+SmartandSimple+Anthem)",n,n,y,
freelance-writers,Health Insurance for Freelance Writers 2026: Solo Coverage + Tax Deduction,210,0,400,BLS-100K-+-writers,none,low,n,2,"BLS-OES-27-3043,B(FreelancersUnion+Catch+EntertainmentCommunityFund)",n,n,y,
freelance-developers,Health Insurance for Freelance Software Developers 2026: Guide,200,0,500,dev-freelance-cohort,none,low,n,2,"B(FreelancersUnion+Catch+Lettuce)",n,n,y,
freelance-photographers,Health Insurance for Freelance Photographers 2026: Studio + Wedding 1099 Coverage,180,0,400,BLS-150K-photographers,none,low,n,2,"BLS-OES-27-4021,1099-overlap,B(EntertainmentCommunityFund+Catch)",n,n,y,
freelance-videographers,Health Insurance for Freelance Videographers and Video Editors 2026,150,0,300,videography-cohort,none,low,n,3,"B(EntertainmentCommunityFund+Catch)",n,n,y,
artists-independent,Health Insurance for Independent Artists 2026: Coverage Guide,180,0,500,BLS-2M-arts-workers,none,medium,n,2,"B(EntertainmentCommunityFund+AmericansForTheArts+SpotlightAdvisory+VLAA)",n,n,y,Merged artists + artists-musicians
musicians,Health Insurance for Musicians 2026: Independent Artist + Touring Coverage,180,0,500,BLS-music-workers,none,low,n,2,"B(EntertainmentCommunityFund+SoloCovered+SmartandSimple+SpotlightAdvisory)",n,n,y,
actors,Health Insurance for Actors 2026: SAG-AFTRA + Marketplace Coverage,180,0,400,Equity-+-SAG-AFTRA-cohort,none,low,n,2,"B(EntertainmentCommunityFund+SAG-AFTRA+HollywoodReporter)",n,n,y,
writers-authors,Health Insurance for Writers and Authors 2026: Independent Writer Guide,160,0,400,Authors-Guild-cohort,none,low,n,2,"B(EntertainmentCommunityFund+FreelancersUnion+WGA)",n,n,y,
dancers,Health Insurance for Independent Dancers 2026: Coverage Guide,120,0,250,dancer-cohort,none,low,n,3,"B(EntertainmentCommunityFund)",n,n,y,
remote-workers,Health Insurance for Remote Workers 2026: Multi-State + Network Issues,360,0,1100,BLS-22M-fully-remote-workers,none,medium,y,1,"BLS-American-Community-Survey-Remote-Work,competitor-landscape-§6,state-specific-due-to-network-issues,B(SafetyWing+HSAforAmerica+Cigna+Anthem)",n,n,y,
digital-nomads-us,Health Insurance for US-Based Digital Nomads 2026: Domiciled-State + Multi-State,210,0,500,Statista-17M-US-nomads,none,high,n,1,"Statista-Digital-Nomad-Survey,SafetyWing-Genki-Insurance-Brands,competitor-landscape-§6,B(SafetyWing+NomadsEmbassy+AXAGlobal+HealthPlusLife+Cigna)",n,n,y,
digital-nomads-international,Health Insurance for US Citizens Living Abroad 2026: Expat + Nomad Guide,180,0,500,State-Dept-9M-Americans-abroad,none,medium,n,2,"State-Dept-CA-Statistics,B(SafetyWing+CignaGlobal+IMGGlobal+AllianzCare)",n,n,n,
expats-returning-us,Health Insurance for Americans Returning from Abroad 2026: Re-enrollment + SEP,160,0,400,returning-expat-cohort,none,low,n,3,"B(HealthCare.gov+SafetyWing)",n,n,n,
vanlife-fulltime-travelers,Health Insurance for Van-Lifers and Full-Time Travelers (US) 2026: Multi-State,140,0,400,vanlife-cohort,none,low,y,3,"B(SafetyWing+HealthPlusLife)",n,n,n,
multi-state-workers,Health Insurance for People Working in Multiple States 2026: Network + Plan Selection,160,0,400,multi-state-cohort,none,low,y,2,"B(Cigna+Anthem+HealthCare.gov)",n,n,n,
realtors,Health Insurance for Real Estate Agents and Realtors 2026: 1099 Broker Guide,260,0,700,NAR-1.5M-active-realtors,slight,medium,y,2,"NAR-Membership-Stats,Realtor.com-Membership,1099-overlap,critique-§4.3-promote-to-P2,B(RKAInsurance+HSAforAmerica+NARRPVB)",n,n,y,Promoted P3->P2 per critique (niche-occ with tax angle)
truckers,Health Insurance for Independent Truckers 2026: Owner-Operator + DOT Physical,490,0,1100,BLS-2M-truck-drivers,slight,medium,y,2,"bing-related(245)(sap-program-truck-drivers),BLS-OES-53-3032,critique-§4.3-promote-to-P2,B(TruckersHealthcare+TruckersNetwork+Stride)",n,n,y,Promoted P3->P2 per critique
truckers-otr-longhaul,Health Insurance for OTR Long-Haul Truck Drivers 2026: Multi-State Coverage,180,0,400,OTR-cohort,none,low,y,3,"B(TruckersNetwork+TruckersHealthcare)",n,n,y,
farmers,Health Insurance for Farmers 2026: ACA + Farm Bureau Plans + Premium Spike,400,0,900,USDA-2M-farms-1.9M-operators,slight,medium,y,1,"USDA-Census-of-Agriculture,competitor-landscape-§6,Farm-Bureau-health-plans,critique-§5-promote-to-P1,B(KFFHealthNews+USDA-ERS+FarmBureau+NPR+HealthInsurance.org)",n,n,y,Promoted P2->P1 per critique (2026 premium-quadrupling story)
ranchers,Health Insurance for Ranchers 2026: Self-Employed Agricultural Worker Guide,180,0,400,USDA-rancher-cohort,none,low,y,2,"B(FarmBureau+HealthInsurance.org+USDA)",n,n,y,
fishermen,Health Insurance for Commercial Fishermen 2026: Self-Employed Coverage,120,0,300,USDA-fishermen-cohort,none,low,y,3,"B(HealthInsurance.org+USDA)",n,n,y,
construction-workers-self,Health Insurance for Self-Employed Construction Workers 2026: Guide,180,0,400,BLS-700K-carpenters,none,low,n,2,"BLS-OES-47-2031,trade-1099-overlap,B(SmartandSimple+HSAforAmerica)",n,n,y,
electricians-self-employed,Health Insurance for Self-Employed Electricians 2026: Trade Professional Solo Coverage,200,0,500,BLS-700K-electricians,none,low,n,2,"BLS-OES-47-2111,trade-1099-overlap,critique-§4.3-promote-to-P2,B(SmartandSimple+Remarcable)",n,n,y,Promoted P3->P2 per critique
plumbers-self-employed,Health Insurance for Self-Employed Plumbers 2026: Master Plumber Solo Coverage,160,0,400,BLS-500K-plumbers,none,low,n,2,"BLS-OES-47-2152,trade-1099-overlap,critique-§4.3-promote-to-P2,B(SmartandSimple+Remarcable)",n,n,y,Promoted P3->P2 per critique
cosmetologists-stylists,Health Insurance for Hairstylists and Cosmetologists 2026: Booth-Rental Coverage,200,0,500,BLS-700K-cosmetologists,none,low,n,2,"BLS-OES-39-5012,booth-rental-1099-angle,critique-§4.3-promote-to-P2",n,n,y,Promoted P3->P2 per critique
chefs-restaurant-owners,Health Insurance for Restaurant Owners 2026: SHOP Plans + Owner-Only Coverage,200,0,500,Census-660K-restaurants,none,low,n,3,"Census-Restaurant-Industry,owner-employee-mix",n,n,y,
cleaners-self-employed,Health Insurance for Self-Employed Cleaners 2026: 1099 + Solo Practitioner,140,0,400,BLS-2.3M-cleaners,none,low,n,3,"BLS-OES-37-2012,1099-overlap",n,n,n,
fitness-trainers,Health Insurance for Personal Trainers 2026: 1099 + Gym-Indie Coverage,200,0,500,BLS-450K-fitness-trainers,none,low,n,2,"BLS-OES-39-9031,1099-overlap,critique-§4.3-promote-to-P2",n,n,y,Promoted P3->P2 per critique
yoga-instructors,Health Insurance for Yoga Instructors 2026: 1099 + Studio-Indie Coverage,130,0,300,IBISWorld-Yoga-Industry-data,none,low,n,3,"niche-but-validated-1099-overlap",n,n,y,
massage-therapists,Health Insurance for Self-Employed Massage Therapists 2026: 1099 Practice Coverage,150,0,400,BLS-160K-massage-therapists,none,low,n,3,"BLS-OES-31-9011,1099-overlap",n,n,y,
dog-walkers-pet-care,Health Insurance for Dog Walkers and Pet Sitters 2026: Gig Coverage,130,0,300,Rover-Wag-Petsitting-data,none,low,n,3,"Rover-Wag-pet-care-1099-overlap",n,n,n,
nannies-au-pairs,Health Insurance for Nannies 2026: Household Employer Coverage + Marketplace,140,0,400,Census-2M-nannies,none,low,n,3,"nanny-payroll-services-data,niche-cohort",n,n,n,
substitute-teachers,Health Insurance for Substitute Teachers 2026: When District Skips Coverage,180,0,400,BLS-3.1M-K12-teachers,none,low,n,2,"BLS-Teacher-OES,competitor-landscape-§6,Reddit-r-Teachers",n,n,y,
teachers,Health Insurance for Teachers 2026: District Coverage Gap-Year Options,300,0,900,BLS-3.1M-K12-teachers,none,medium,n,2,"BLS-OES-25-2030,competitor-landscape-§6,subsidy-cliff-overlap-for-non-tenure,B(NEA+AFT)",n,n,y,
teachers-summer,Health Insurance for Teachers During Summer 2026: Continuation Guide,140,0,300,summer-gap-cohort,none,low,n,3,"B(NEA+AFT)",n,n,n,
adjunct-professors,Health Insurance for Adjunct Professors 2026: Bridging the Gap Between Semesters,160,0,300,BLS-1.6M-postsecondary-teachers,none,low,n,2,"Chronicle-Higher-Ed-Adjunct-data,Reddit-r-AskAcademia,B(AAUP+NEA)",n,n,y,
nurses-traveling,Health Insurance for Traveling Nurses 2026: Multi-State Coverage + Tax Home,260,0,800,BLS-3M-RNs-225K-travel,none,low,y,2,"BLS-OES-29-1141,competitor-landscape-§6,Travel-nurse-niche-evidence,B(SmartandSimple+HSAforAmerica)",n,n,y,
nurses-self-employed,Health Insurance for Self-Employed Nurses 2026: 1099 Travel + Private Practice,200,0,500,BLS-3M-RNs,none,low,n,2,"BLS-OES-29-1141,1099-overlap",n,n,y,
traveling-healthcare-workers,Health Insurance for Traveling Healthcare Workers 2026: Multi-State Coverage,150,0,400,allied-health-cohort,none,low,y,3,"B(SmartandSimple)",n,n,y,
federal-employees-fehb,Health Insurance for Federal Employees 2026: FEHB + Marketplace After Retirement,520,20,1500,OPM-2.1M-federal-employees,none,low,n,2,"bing-stats(20-weekly-broad),OPM-Statistical-Reports,FEHB-vs-Marketplace-angle",n,n,n,
state-employees,Health Insurance for State Employees 2026: State Plans vs Marketplace Comparison,200,0,500,Census-5M-state-+-local-employees,none,low,n,3,"Census-Government-Employment",n,n,n,
nonprofit-employees,Health Insurance for Non-Profit Employees 2026: Small-Org Coverage Gaps,200,0,500,BLS-12M-non-profit-workers,none,low,n,3,"BLS-Non-Profit-Employment,B(NCN+SHRM)",n,n,y,
clergy-pastors,Health Insurance for Clergy and Pastors 2026: Housing-Allowance Tax + Coverage,180,0,400,Hartford-Inst-300K-clergy,none,low,n,3,"Hartford-Institute-Religion-Research,clergy-tax-angle-strong,B(HealthInsurance.org+SamaritanMinistries+GuideStone+Concordia)",n,n,y,
missionaries,Health Insurance for Missionaries 2026: International + US Coverage,140,0,300,missionary-cohort,none,low,n,3,"B(SamaritanMinistries+Medi-Share+IMGGlobal)",n,n,n,
small-business-1-50-employees,Health Insurance for Small Businesses (1-50 Employees) 2026: SHOP + ICHRA,260,0,700,SHOP-eligible-cohort,slight,medium,n,2,"B(SHRM+HSAforAmerica+HealthCare.gov)",n,n,n,
small-business-under-25-tax-credit,Health Insurance for Businesses Under 25 Employees 2026: Tax Credit + SHOP,200,0,500,SHOP-tax-credit-cohort,none,low,n,2,"B(HealthCare.gov+SHRM+IRS)",n,n,n,
etsy-sellers,Health Insurance for Etsy Sellers 2026: Self-Employed Seller Guide,140,0,400,Etsy-seller-cohort,none,low,n,2,"B(Catch+HSAforAmerica+FreelancersUnion)",n,n,y,
upwork-fiverr-freelancers,Health Insurance for Upwork and Fiverr Freelancers 2026: Coverage Guide,180,0,500,platform-freelancer-cohort,none,low,n,2,"merged-upwork+fiverr,B(Catch+FreelancersUnion+Worksuite)",n,n,y,
airbnb-hosts,Health Insurance for Airbnb Hosts 2026: Short-Term Rental Operator Guide,180,0,500,STR-host-cohort,none,low,n,2,"B(HSAforAmerica+Stride)",n,n,y,
influencers-content-creators,Health Insurance for Influencers and Content Creators 2026: PPO + Marketplace,260,0,800,creator-economy-cohort,none,medium,n,1,"B(HealthBasedHealthcare+SoloCovered+Catch)",n,n,y,
twitch-streamers,Health Insurance for Twitch Streamers 2026: Content Creator Coverage,150,0,400,Twitch-streamer-cohort,none,low,n,2,"B(HealthBasedHealthcare+SoloCovered)",n,n,y,
youtube-creators,Health Insurance for YouTube Creators 2026: Content Creator Coverage,180,0,500,YT-creator-cohort,none,low,n,2,"B(HealthBasedHealthcare+SoloCovered)",n,n,y,
podcasters,Health Insurance for Independent Podcasters 2026: Coverage Guide,130,0,300,podcaster-cohort,none,low,n,3,"B(SoloCovered+Catch)",n,n,y,
women,Health Insurance for Women 2026: Preventive Care + Maternity + Reproductive Coverage,330,0,1100,Census-168M-women,none,medium,n,2,"Census-Gender-Distribution,women-specific-preventive-rule-angle",n,n,n,
men-over-50,Health Insurance for Men Over 50 2026: Pre-Medicare Bridge + Preventive Coverage,180,0,500,Census-cohort,none,low,n,3,"Census-Age-Distribution,early-retiree-overlap",n,n,y,
lgbtq,Health Insurance for LGBTQ+ Individuals 2026: Coverage + Gender-Affirming Care,260,0,800,Williams-Inst-13M-LGBT-Adults,none,medium,n,1,"Williams-Institute-LGBT-Demographics,B(HRC+OutCare+KFF)",n,n,n,
lgbtq-couples,Health Insurance for LGBTQ Couples 2026: Domestic-Partner + Same-Sex Marriage Coverage,160,0,400,Williams-Inst-LGBT-couple-cohort,none,low,n,2,"Williams-Institute-LGBT-Demographics,competitor-landscape-§6",n,n,n,
trans-non-binary,Health Insurance for Trans + Non-Binary Adults 2026: State-Variance + Gender-Affirming Care,260,0,700,Williams-Inst-1.6M-trans-adults,none,medium,y,1,"Williams-Institute-Trans-Adults,competitor-landscape-§6,state-specific-due-to-coverage-bans,B(HRC+OutCare+KFF+TransEquality)",n,n,n,STATE-FORK candidate (coverage bans by state)
immigrants-green-card-lpr,Health Insurance for Green Card Holders 2026: Marketplace After 5-Year Rule,330,0,900,DHS-13M-LPRs,slight,medium,n,1,"DHS-Yearbook-Immigration-Statistics,competitor-landscape-§6,B(HealthCare.gov+CommonwealthFund+KFF+NILC)",n,n,n,
immigrants-undocumented,Health Insurance for Undocumented Immigrants 2026: State Programs (CA + NY + IL + OR),440,0,1200,Pew-11M-undocumented,slight,medium,y,1,"BUSA-related(undocumented-immigrants),Pew-Research-Immigration,competitor-landscape-§6,state-specific-due-to-CA-NY-IL-OR-program-variance,B(HealthInsurance.org+DHCS+NILC+CommonwealthFund)",n,n,n,STATE-FORK candidate (CA/NY/IL/OR variance)
daca-recipients,Health Insurance for DACA Recipients 2026: CMS Final Rule + State-by-State,260,0,700,USCIS-580K-DACA-recipients,none,medium,y,1,"USCIS-DACA-Quarterly-Reports,2026-CMS-rule-news-cycle,critique-§5-promote-to-P1,B(CoverHealthCA+CommonwealthFund+NILC)",n,n,n,STATE-FORK candidate (2026 CMS rule news cycle); promoted P2->P1 per critique
refugees-asylees,Health Insurance for Refugees and Asylees 2026: Marketplace Eligibility,180,0,500,USCIS-refugee-cohort,none,low,n,2,"B(HealthCare.gov+NILC+Commonwealth)",n,n,n,
visa-holders-h1b,Health Insurance for H-1B Visa Holders 2026: Marketplace + Employer Coverage Gap,220,0,600,USCIS-600K-H1B-holders,none,low,n,2,"USCIS-H-1B-stats,niche-but-affluent-cohort",n,n,y,
non-citizens-marketplace,Marketplace Health Insurance for Non-Citizens 2026: Who Qualifies + How to Apply,210,0,600,Census-22M-non-citizens,none,low,n,2,"Census-Foreign-Born-Population,companion-piece-to-immigrants",n,n,n,
mixed-status-families,Health Insurance for Mixed-Status Families 2026: Coverage Guide,180,0,500,Pew-mixed-status-cohort,none,low,n,2,"B(NILC+HealthCare.gov+KFF)",n,n,n,
new-immigrants-five-year-bar,Health Insurance for New Immigrants Under the 5-Year Bar 2026: Coverage Options,180,0,500,recent-LPR-cohort,none,low,n,2,"B(HealthCare.gov+NILC+KFF)",n,n,n,
low-income-workers,Health Insurance for Low-Income Workers 2026: Medicaid + Subsidy Eligibility,490,0,1600,Census-37M-below-138-FPL,heavy,medium,n,3,"Census-FPL-Distribution,companion-Medicaid,critique-§3.5-heavy-BUSA-overlap-demote,B(KFF+HealthCare.gov)",n,n,n,Demoted P2->P3 per critique (BUSA owns SNAP/Medicaid surface densely)
medicaid-gap-residents,Health Insurance for People in the Medicaid Coverage Gap 2026: State-by-State,300,0,800,Census-10M-in-coverage-gap,slight,medium,y,1,"KFF-Medicaid-Expansion-Map-2026,Coverage-Gap-Reports,strong-news-cycle,B(KFF+HealthCare.gov+CBPP)",n,n,n,STATE-FORK candidate (10 non-expansion states)
above-400-fpl-subsidy-cliff,Health Insurance Above the Subsidy Cliff (400% FPL+) 2026: Post-ARPA Strategy,300,0,900,subsidy-cliff-cohort,none,medium,n,1,"critique-§4.1-standalone-persona-required,KFF,B(KFF+HealthInsurance.org+HSAforAmerica)",n,n,y,Critique-added standalone P1 persona (2026 subsidy-cliff news cycle)
high-deductible-hsa-eligible,Health Insurance for HSA-Eligible Self-Employed 2026: HDHP + Triple Tax Advantage,260,0,900,IRS-22M-HSAs-+-self-employed-overlap,slight,medium,n,2,"IRS-HSA-statistics,unique-tax-angle",n,n,y,
couples-both-self-employed,Health Insurance for Self-Employed Couples 2026: Joint Coverage + Tax Stacking,160,0,400,niche-cohort-strong-intent,none,low,n,2,"subsidy-cliff-overlap,tax-stacking-angle",n,n,y,
foster-parents,Health Insurance for Foster Parents 2026: Medicaid for Foster Children + Family,150,0,400,HHS-AFCARS-400K-foster-children,none,low,n,2,"HHS-AFCARS-Report,B(HealthCare.gov+KFF+ChildWelfare)",n,n,n,
foster-youth-aging-out,Health Insurance for Foster Youth Aging Out 2026: Medicaid to Age 26,150,0,400,HHS-AFCARS-aging-out-cohort,none,low,n,2,"critique-promote-to-P2,Medicaid-to-26-ACA-provision,B(Medicaid.gov+Casey+JimCaseyYouth)",n,n,n,Promoted P3->P2 per critique
native-americans-tribal,Health Insurance for Native Americans 2026: IHS + Marketplace SEP + Cost-Sharing Exemption,180,0,400,IHS-2.6M-AI-AN-served,none,low,n,1,"IHS-Annual-Statistics,unique-marketplace-SEP-+-cost-sharing-exemption,B(IHS.gov+HealthCare.gov+KFF)",n,n,n,
rural-residents,Health Insurance for Rural Residents 2026: Plan Availability + Carrier Density,260,0,700,Census-46M-rural-Americans,none,medium,y,1,"critique-§1.4-missing-persona,KFF-rural-health-content,B(KFF+RuralHealthInfo+HealthCare.gov)",n,n,y,Critique-added P1 persona; STATE-FORK candidate (rural x non-expansion = double pressure)
dual-eligibles,Health Insurance for Dual-Eligible (Medicare + Medicaid) Beneficiaries 2026: D-SNP Guide,300,0,800,CMS-12M-dual-eligibles,slight,medium,n,1,"critique-§1.5-missing-persona,CMS-D-SNP-stats,Medicare-revenue-angle,B(CMS+KFF+SNAPlan)",n,n,n,Critique-added P1 persona (D-SNP = Medicare commission $694)
incarcerated-reentry,Health Insurance After Incarceration 2026: Medicaid Reentry Guide,180,0,500,600K-released-yearly,none,low,y,2,"critique-honorable-mention,KFF-+-Medicaid-reentry,B(KFF+Medicaid.gov+VeraInstitute)",n,n,n,
homeless,Health Insurance for People Experiencing Homelessness 2026: Medicaid + Marketplace,180,0,500,HRSA-homeless-cohort,slight,low,n,2,"critique-honorable-mention,HRSA-+-shelter-Medicaid-signup,B(HRSA+NationalCoalitionHomeless+KFF)",n,n,n,
domestic-violence-survivors,Health Insurance for Domestic Violence Survivors 2026: SEP + Coverage Guide,150,0,400,NCADV-DV-cohort,none,low,n,2,"B(HealthCare.gov+NCADV)",n,n,n,
gig-workers-california-ab5,Health Insurance for Gig Workers in California 2026: AB5 + Medi-Cal + Marketplace,280,16,800,California-DIR-AB5-population,slight,medium,y,1,"bing-related(16)(uber-driver-cal),competitor-landscape-§6(state-fork-callout),AB5-news-cycle,B(CoveredCA+Stride+RideshareGuy+CDInsurance)",n,n,n,STATE-FORK head-page (CA)
gig-workers-newyork,Health Insurance for Rideshare Drivers in New York 2026: NY State of Health,180,0,500,NY-rideshare-cohort,none,low,y,2,"B(NYStateofHealth+Stride)",n,n,n,STATE-FORK head-page (NY)
gig-workers-texas,Health Insurance for Gig Workers in Texas 2026: No-Medicaid-Expansion Workarounds,180,0,400,Texas-rideshare+1099-stats,none,low,y,2,"competitor-landscape-§6,Texas-no-expansion-state-fork-strong",n,n,n,STATE-FORK head-page (TX, non-expansion)
self-employed-california,Health Insurance for Self-Employed in California 2026: Covered California + Medi-Cal,260,0,700,Census-CA-self-employed-+-Covered-CA-data,heavy,medium,y,2,"Covered-CA-platform-evidence,state-fork-strong",n,n,y,STATE-FORK head-page (CA); self-employed live so this is the CA variant
self-employed-texas,Health Insurance for Self-Employed in Texas 2026: Marketplace-Only State Strategy,180,0,500,Census-TX-self-employed-1.5M,heavy,medium,y,2,"Texas-Marketplace-+-no-Medicaid,state-fork",n,n,y,STATE-FORK head-page (TX)
self-employed-florida,Health Insurance for Self-Employed in Florida 2026: Marketplace + Florida Blue,180,0,500,Census-FL-self-employed,heavy,medium,y,2,"FL-no-state-Marketplace-+-Florida-Blue,state-fork",n,n,y,STATE-FORK head-page (FL)
self-employed-new-york,Health Insurance for Self-Employed in New York 2026: NY State of Health + Tax,160,0,400,Census-NY-self-employed,heavy,low,y,2,"NY-State-of-Health-platform,state-fork",n,n,y,STATE-FORK head-page (NY)
self-employed-illinois,Health Insurance for Self-Employed in Illinois 2026: Get Covered Illinois + Tax,140,0,300,Census-IL-self-employed,heavy,low,y,3,"Get-Covered-IL-platform,state-fork",n,n,y,STATE-FORK head-page (IL)
gig-workers,N/A - LIVE - Health Insurance for Gig Workers,0,0,0,N/A,heavy,N/A,n,3,"CONTENT_INVENTORY-live-gig-workers",y,n,n,LIVE — skip
self-employed,N/A - LIVE - Self-Employed Health Insurance,0,0,0,N/A,heavy,N/A,n,3,"CONTENT_INVENTORY-live-self-employed",y,n,y,LIVE — skip
college-students,N/A - LIVE - Health Insurance for College Students,0,0,0,N/A,heavy,N/A,n,3,"CONTENT_INVENTORY-live-college-students",y,n,n,LIVE — skip
early-retirees,N/A - LIVE - Health Insurance for Early Retirees,0,0,0,N/A,heavy,N/A,n,3,"CONTENT_INVENTORY-live-early-retirees",y,n,y,LIVE — skip
freelance-designers-consultants,N/A - LIVE - Health Insurance for Freelance Designers/Consultants,0,0,0,N/A,heavy,N/A,n,3,"CONTENT_INVENTORY-live-freelance-designers-consultants",y,n,y,LIVE — skip
recently-lost-employer-coverage,N/A - LIVE - Health Insurance After Job Loss,0,0,0,N/A,heavy,N/A,n,3,"CONTENT_INVENTORY-live-recently-lost-employer-coverage",y,n,n,LIVE — skip
uber-lyft-rideshare-drivers,N/A - LIVE - Health Insurance for Uber/Lyft/Rideshare Drivers,0,0,0,N/A,heavy,N/A,n,3,"CONTENT_INVENTORY-live-uber-lyft-rideshare-drivers",y,n,n,LIVE — skip
