topic,title_hint,demand_score,bing_impressions_weekly,google_monthly_volume,utilization_rank,busa_overlap,competitor_density,state_specific,priority,sources,already_live,already_queued,notes
mri-cost,"MRI Cost Without Insurance in 2026: National Pricing Guide",,,,,none,medium,n,1,"goodrx,kff,cms,bing-stats,clincalc",y,n,"shipped"
ct-scan-cost,"CT Scan Cost Without Insurance in 2026: National Pricing Guide",,,,,none,medium,n,1,"goodrx,kff,cms,bing-stats,clincalc",y,n,"shipped"
colonoscopy-cost,"Colonoscopy Cost Without Insurance in 2026: National Pricing Guide",,,,,none,medium,n,1,"goodrx,kff,cms,bing-stats,clincalc",y,n,"shipped"
lasik-cost,"LASIK Eye Surgery Cost in 2026: National Pricing Guide",23866,5966,extrapolated-bingx6,95,none,high,n,2,"bing-stats,bing-related(7),clincalc,goodrx,lasikplus,obvious-50",n,n,"critique: P1->P2 brutal competitive field"
cataract-surgery-cost,"Cataract Surgery Cost Without Insurance in 2026 (CPT 66984)",12730,3176,extrapolated-bingx6,14,none,high,n,1,"bing-stats,bing-related(6),clincalc,goodrx,kff,obvious-50",n,y,"already_queued"
eye-exam-cost,"Eye Exam Cost Without Insurance in 2026: National Pricing Guide",4939,1230,extrapolated-bingx6,37,none,medium,n,1,"bing-stats,bing-related(4),clincalc,goodrx,obvious-50",n,n,
ivf-cost,"IVF Cost Without Insurance in 2026: National Pricing Guide",2735,680,extrapolated-bingx6,50,none,high,y,2,"bing-stats,clincalc,fertilityiq,resolve,obvious-50",n,n,"critique: P1->P2 brutal field; state_specific=y (~21 states mandate)"
dexa-scan-cost,"DEXA Bone Density Scan Cost Without Insurance in 2026: National Pricing Guide",1777,440,extrapolated-bingx6,45,none,medium,n,1,"bing-stats,clincalc,goodrx,obvious-50",n,n,
wisdom-teeth-removal-cost,"Wisdom Teeth Removal Cost Without Insurance in 2026: National Pricing Guide",1593,392,extrapolated-bingx6,18,none,high,n,1,"bing-stats,bing-related(1),clincalc,goodrx,carecredit,obvious-50",n,n,
cologuard-cost,"Cologuard Cost Without Insurance in 2026: Stool DNA Test Pricing Guide",1230,304,extrapolated-bingx6,55,none,medium,n,1,"bing-stats,clincalc",n,n,
vasectomy-cost,"Vasectomy Cost Without Insurance in 2026: National Pricing Guide",1139,280,extrapolated-bingx6,36,none,medium,n,1,"bing-stats,bing-related(1),clincalc,goodrx,plannedparenthood,obvious-50",n,n,
ambulance-cost,"Ambulance Ride Cost Without Insurance in 2026: Ground & Air Pricing Guide",1131,277,extrapolated-bingx6,23,slight,medium,n,1,"bing-stats,bing-related(1),clincalc,kff,goodrx,obvious-50",n,n,"critique: BUSA slight overlap (bill-help vs price-lookup)"
knee-replacement-cost,"Knee Replacement Cost Without Insurance in 2026 (CPT 27447)",1023,249,extrapolated-bingx6,9,none,high,n,1,"bing-stats,bing-related(3),clincalc,goodrx,kff,cms,obvious-50",n,y,"already_queued"
urgent-care-cost,"Urgent Care Visit Cost Without Insurance in 2026: National Pricing Guide",923,224,extrapolated-bingx6,10,none,medium,n,1,"bing-stats,clincalc,goodrx,nerdwallet,obvious-50",n,y,"already_queued"
echocardiogram-cost,"Echocardiogram Cost Without Insurance in 2026 (CPT 93306)",821,200,extrapolated-bingx6,30,none,medium,n,1,"bing-stats,bing-related(1),clincalc,goodrx,cms,obvious-50",n,y,"already_queued"
pet-scan-cost,"PET Scan Cost Without Insurance in 2026: National Pricing Guide",751,184,extrapolated-bingx6,50,none,medium,n,2,"bing-stats,clincalc,goodrx,obvious-50",n,n,
hysterectomy-cost,"Hysterectomy Cost Without Insurance in 2026: National Pricing Guide",726,176,extrapolated-bingx6,28,none,medium,n,2,"bing-stats,clincalc,goodrx,cms,obvious-50",n,n,
flu-shot-cost,"Flu Shot Cost Without Insurance in 2026: Pharmacy & Clinic Pricing Guide",695,168,extrapolated-bingx6,22,none,medium,n,2,"bing-stats,clincalc,goodrx,cdc,obvious-50",n,n,
eeg-cost,"EEG Cost Without Insurance in 2026: Electroencephalogram Pricing Guide",683,168,extrapolated-bingx6,64,none,low,n,2,"bing-stats,clincalc",n,n,
sleep-study-cost,"Sleep Study Cost Without Insurance in 2026: In-Lab & Home Pricing Guide",657,160,extrapolated-bingx6,44,none,medium,n,2,"bing-stats,bing-related(1),clincalc,goodrx,obvious-50",n,n,
blood-test-cost,"Blood Test Cost Without Insurance in 2026: CBC, CMP & Lipid Panel Pricing Guide",606,144,extrapolated-bingx6,1,none,medium,n,2,"bing-stats,bing-related(1),clincalc,labcorp,quest,obvious-50",n,n,
mammogram-cost,"Mammogram Cost Without Insurance in 2026: Screening vs Diagnostic Pricing Guide",602,144,extrapolated-bingx6,15,none,high,n,1,"bing-stats,clincalc,goodrx,kff,cms,obvious-50",n,y,"already_queued; critique: P2->P1 screening-vs-diagnostic fork"
ultrasound-cost,"Ultrasound Cost Without Insurance in 2026: National Pricing Guide",572,136,extrapolated-bingx6,7,none,medium,n,1,"bing-stats,clincalc,goodrx,kff,cms,obvious-50",n,y,"already_queued; critique: P2->P1"
rhinoplasty-cost,"Rhinoplasty Cost in 2026: Medical vs Cosmetic National Pricing Guide",549,136,extrapolated-bingx6,83,none,medium,n,2,"bing-stats,clincalc",n,n,
bariatric-surgery-cost,"Bariatric Surgery Cost Without Insurance in 2026: Weight Loss Surgery Pricing Guide",525,128,extrapolated-bingx6,58,none,high,n,2,"bing-stats,clincalc,goodrx,obvious-50",n,n,
dental-cleaning-cost,"Dental Cleaning Cost Without Insurance in 2026: National Pricing Guide",501,120,extrapolated-bingx6,31,none,medium,n,1,"bing-stats,clincalc,goodrx,carecredit,guardian,delta-dental,humana,obvious-50",n,n,"critique: P2->P1 thin field, classic Bing-citable lookup"
carpal-tunnel-surgery-cost,"Carpal Tunnel Surgery Cost Without Insurance in 2026: National Pricing Guide",457,112,extrapolated-bingx6,70,none,medium,n,2,"bing-stats,clincalc",n,n,
chemotherapy-cost,"Chemotherapy Cost Without Insurance in 2026: Per-Cycle National Pricing Guide",438,104,extrapolated-bingx6,26,none,medium,n,2,"bing-stats,clincalc,goodrx,kff,obvious-50",n,n,
hernia-surgery-cost,"Hernia Repair Surgery Cost Without Insurance in 2026: National Pricing Guide",436,104,extrapolated-bingx6,32,none,medium,n,2,"bing-stats,clincalc,goodrx,cms,obvious-50",n,n,
iui-cost,"IUI Cost Without Insurance in 2026: Intrauterine Insemination Pricing Guide",422,104,extrapolated-bingx6,80,none,medium,n,2,"bing-stats,clincalc",n,n,
endoscopy-cost,"Endoscopy Cost Without Insurance in 2026: National Pricing Guide",408,96,extrapolated-bingx6,20,none,medium,n,2,"bing-stats,clincalc",n,n,
hip-replacement-cost,"Hip Replacement Cost Without Insurance in 2026 (CPT 27130)",345,80,extrapolated-bingx6,17,none,high,n,2,"bing-stats,clincalc,goodrx,kff,cms,obvious-50",n,y,"already_queued"
mole-removal-cost,"Mole Removal Cost Without Insurance in 2026: National Pricing Guide",270,64,extrapolated-bingx6,54,none,medium,n,2,"bing-stats,clincalc,goodrx,obvious-50",n,n,
liver-transplant-cost,"Liver Transplant Cost Without Insurance in 2026: National Pricing Guide",193,48,extrapolated-bingx6,96,none,medium,n,3,"bing-stats,clincalc,medicare,unos,kff",n,n,
kidney-transplant-cost,"Kidney Transplant Cost Without Insurance in 2026: National Pricing Guide",66,16,extrapolated-bingx6,95,none,medium,n,3,"bing-stats,clincalc,medicare,unos,kff",n,n,
pap-smear-cost,"Pap Smear Cost Without Insurance in 2026: National Pricing Guide",53,8,extrapolated-bingx6,29,none,medium,n,2,"bing-stats,clincalc,goodrx,plannedparenthood,obvious-50",n,n,
upper-endoscopy-cost,"Upper Endoscopy (EGD) Cost Without Insurance in 2026 (CPT 43239)",23,0,0,22,none,medium,n,1,"clincalc,goodrx,colonoscopyassist,cms,obvious-50",n,y,"already_queued; critique: P3->P1"
physical-therapy-cost,"Physical Therapy Cost Per Session in 2026 (CPT 97110/97530)",26,0,0,13,none,medium,n,1,"clincalc,goodrx,cms,obvious-50",n,y,"already_queued; critique: P3->P1"
er-visit-cost,"ER Visit Cost Without Insurance in 2026: CPT 99281-99285 Pricing Guide",29,0,0,2,slight,medium,n,1,"clincalc,goodrx,kff,cms,obvious-50",n,y,"already_queued; critique: BUSA slight overlap; keep 5-level CPT fork"
hospital-stay-cost,"Hospital Stay Cost Per Day in 2026: Inpatient Pricing by State & Service",30,0,0,1,slight,medium,n,1,"clincalc,kff,nerdwallet,obvious-50",n,n,"critique: P3->P1 query fragmentation; BUSA slight overlap"
c-section-cost,"C-Section Cost Without Insurance in 2026 (CPT 59510)",28,0,0,8,none,medium,n,1,"clincalc,goodrx,kff,obvious-50",n,y,"already_queued; critique: P3->P1 query fragmentation hid 1.16M procedures/yr"
vaginal-delivery-cost,"Vaginal Delivery Cost Without Insurance in 2026 (CPT 59400)",27,0,0,11,none,medium,n,1,"clincalc,goodrx,kff,obvious-50",n,y,"already_queued; critique: P3->P1"
hospital-birth-cost,"Hospital Birth Cost Without Insurance in 2026: Vaginal & C-Section Combined Pricing Guide",28,0,0,8,slight,medium,n,2,"clincalc,kff,goodrx",n,n,"critique: P3->P2; BUSA slight overlap"
nicu-stay-cost,"NICU Cost Per Day in 2026: Neonatal ICU Hospital Pricing Guide",10,0,0,68,slight,medium,n,2,"clincalc,goodrx,kff,obvious-50",n,y,"already_queued; critique: P3->P2; BUSA slight overlap"
telehealth-visit-cost,"Telehealth Visit Cost Without Insurance in 2026: National Pricing Guide",24,0,0,20,none,low,n,2,"clincalc,goodrx,obvious-50",n,n,"critique: P3->P2 (17% of outpatient visits per CMS)"
lab-test-cost,"Lab Test Cost Without Insurance in 2026: Quest, LabCorp & Hospital Pricing Guide",30,0,0,1,none,medium,n,3,"clincalc,labcorp,quest",n,n,
physical-exam-cost,"Physical Exam Cost Without Insurance in 2026: National Pricing Guide",30,0,0,1,none,medium,n,2,"clincalc,goodrx,nerdwallet,obvious-50",n,n,
doctor-visit-cost,"Doctor Visit Cost Without Insurance in 2026: Primary Care Pricing Guide",30,0,0,1,none,medium,n,1,"clincalc,singlecare,goodrx,obvious-50",n,n,
x-ray-cost,"X-Ray Cost Without Insurance in 2026: National Pricing Guide",29,0,0,3,none,medium,n,1,"clincalc,goodrx,singlecare,cms,obvious-50",n,y,"already_queued"
ekg-cost,"EKG Cost Without Insurance in 2026: Electrocardiogram Pricing Guide",28,0,0,6,none,medium,n,3,"clincalc",n,n,
stitches-cost,"Stitches Cost Without Insurance in 2026: ER & Urgent Care Pricing Guide",25,0,0,16,none,medium,n,3,"clincalc,goodrx,obvious-50",n,n,
epidural-cost,"Epidural Cost in Labor Without Insurance in 2026: National Pricing Guide",24,0,0,21,none,medium,n,3,"clincalc",n,n,
dialysis-cost,"Dialysis Cost Without Insurance in 2026: Per-Session & Monthly Pricing Guide",24,0,0,19,none,medium,n,2,"clincalc,goodrx,akf,obvious-50",n,n,
gallbladder-surgery-cost,"Gallbladder Surgery Cost Without Insurance in 2026: Laparoscopic Cholecystectomy Pricing Guide",23,0,0,25,none,medium,n,1,"clincalc,goodrx,cms,obvious-50",n,y,"already_queued"
iud-cost,"IUD Cost Without Insurance in 2026: Mirena, Paragard & Kyleena Pricing Guide",23,0,0,24,none,medium,n,2,"clincalc,singlecare,plannedparenthood,obvious-50",n,n,
covid-test-cost,"COVID Test Cost Without Insurance in 2026: PCR & Rapid Pricing Guide",23,0,0,25,none,medium,n,3,"clincalc",n,n,
specialist-visit-cost,"Specialist Visit Cost Without Insurance in 2026: National Pricing Guide",23,0,0,25,none,medium,n,2,"clincalc,obvious-50",n,n,
biopsy-cost,"Biopsy Cost Without Insurance in 2026: National Pricing Guide",22,0,0,27,none,medium,n,2,"clincalc,goodrx,obvious-50",n,n,
appendectomy-cost,"Appendectomy Cost Without Insurance in 2026 (CPT 44970)",20,0,0,35,none,medium,n,1,"clincalc,goodrx,kff,cms,obvious-50",n,y,"already_queued"
radiation-therapy-cost,"Radiation Therapy Cost Without Insurance in 2026: Per-Treatment Pricing Guide",20,0,0,33,none,medium,n,3,"clincalc,goodrx,obvious-50",n,n,
allergy-test-cost,"Allergy Test Cost Without Insurance in 2026: National Pricing Guide",20,0,0,34,none,medium,n,2,"clincalc,goodrx,obvious-50",n,n,
therapy-session-cost,"Therapy Session Cost Without Insurance in 2026: Outpatient Mental Health Pricing Guide",20,0,0,35,none,low,n,1,"clincalc,goodrx,obvious-50",n,n,"critique: P3->P1 thin GoodRx coverage, parity angle"
icu-stay-cost,"ICU Cost Per Day in 2026: Intensive Care Unit Pricing Guide",20,0,0,35,none,medium,n,3,"clincalc",n,n,
cardiac-stress-test-cost,"Cardiac Stress Test Cost Without Insurance in 2026: National Pricing Guide",19,0,0,38,none,medium,n,3,"clincalc",n,n,
circumcision-cost,"Circumcision Cost Without Insurance in 2026: National Pricing Guide",18,0,0,40,none,medium,n,3,"clincalc",n,n,
concussion-treatment-cost,"Concussion Treatment Cost Without Insurance in 2026: National Pricing Guide",18,0,0,41,none,medium,n,3,"clincalc",n,n,
urinalysis-cost,"Urinalysis Cost Without Insurance in 2026: National Pricing Guide",18,0,0,39,none,medium,n,3,"clincalc",n,n,"critique-add (lab panel set): ER-bill line item"
cardiac-cath-cost,"Cardiac Catheterization Cost Without Insurance in 2026: National Pricing Guide",17,0,0,42,none,medium,n,3,"clincalc",n,n,
angiogram-cost,"Angiogram Cost Without Insurance in 2026: National Pricing Guide",16,0,0,48,none,medium,n,3,"clincalc",n,n,
strep-test-cost,"Strep Test Cost Without Insurance in 2026: National Pricing Guide",16,0,0,47,none,medium,n,3,"clincalc",n,n,
psychiatrist-visit-cost,"Psychiatrist Visit Cost Without Insurance in 2026: National Pricing Guide",16,0,0,47,none,medium,n,3,"clincalc,goodrx",n,n,
epipen-cost,"EpiPen Cost Without Insurance in 2026: National Pricing Guide",16,0,0,48,none,medium,n,3,"clincalc",n,n,
skin-biopsy-cost,"Skin Biopsy Cost Without Insurance in 2026: National Pricing Guide",15,0,0,50,none,medium,n,3,"clincalc",n,n,
d-and-c-cost,"D&C Procedure Cost Without Insurance in 2026: Dilation & Curettage Pricing Guide",15,0,0,51,none,low,n,3,"clincalc,goodrx,obvious-50",n,n,
mastectomy-cost,"Mastectomy Cost Without Insurance in 2026: National Pricing Guide",14,0,0,55,none,medium,n,3,"clincalc",n,n,
broken-arm-cost,"Broken Arm Cost Without Insurance in 2026: Treatment & Cast Pricing Guide",14,0,0,52,none,medium,n,3,"clincalc",n,n,
broken-leg-cost,"Broken Leg Cost Without Insurance in 2026: Treatment & Cast Pricing Guide",14,0,0,53,none,medium,n,3,"clincalc",n,n,
breast-biopsy-cost,"Breast Biopsy Cost Without Insurance in 2026: National Pricing Guide",13,0,0,56,none,medium,n,3,"clincalc",n,n,
tonsillectomy-cost,"Tonsillectomy Cost Without Insurance in 2026 (Adult + Child)",12,0,0,60,none,medium,n,2,"clincalc,goodrx,sidecar,cms,obvious-50",n,n,
gastric-sleeve-cost,"Gastric Sleeve Cost Without Insurance in 2026: Bariatric Surgery Pricing Guide",12,0,0,60,none,medium,n,3,"clincalc",n,n,
allergy-shots-cost,"Allergy Shots Cost Without Insurance in 2026: Immunotherapy Pricing Guide",12,0,0,61,none,medium,n,3,"clincalc",n,n,
lumpectomy-cost,"Lumpectomy Cost Without Insurance in 2026: National Pricing Guide",11,0,0,65,none,medium,n,3,"clincalc",n,n,
holter-monitor-cost,"Holter Monitor Cost Without Insurance in 2026: 24-Hour ECG Pricing Guide",11,0,0,65,none,medium,n,3,"clincalc",n,n,
prostate-biopsy-cost,"Prostate Biopsy Cost Without Insurance in 2026: National Pricing Guide",11,0,0,62,none,medium,n,3,"clincalc",n,n,
emg-cost,"EMG Cost Without Insurance in 2026: Electromyography & Nerve Conduction Pricing Guide",10,0,0,68,none,low,n,3,"clincalc",n,n,
thyroid-surgery-cost,"Thyroid Surgery Cost Without Insurance in 2026: Thyroidectomy Pricing Guide",10,0,0,67,none,medium,n,3,"clincalc",n,n,
gastric-bypass-cost,"Gastric Bypass Cost Without Insurance in 2026: Bariatric Surgery Pricing Guide",9,0,0,70,none,medium,n,3,"clincalc",n,n,
skin-tag-removal-cost,"Skin Tag Removal Cost Without Insurance in 2026: National Pricing Guide",9,0,0,71,none,medium,n,3,"clincalc",n,n,
sigmoidoscopy-cost,"Sigmoidoscopy Cost Without Insurance in 2026: National Pricing Guide",8,0,0,75,none,medium,n,3,"clincalc,goodrx,obvious-50",n,n,
tubal-ligation-cost,"Tubal Ligation Cost Without Insurance in 2026: National Pricing Guide",8,0,0,72,none,medium,n,3,"clincalc,plannedparenthood,obvious-50",n,n,
cystoscopy-cost,"Cystoscopy Cost Without Insurance in 2026: National Pricing Guide",8,0,0,73,none,low,n,3,"clincalc",n,n,
heart-bypass-cost,"Heart Bypass Surgery (CABG) Cost Without Insurance in 2026: National Pricing Guide",7,0,0,78,none,high,n,3,"clincalc,goodrx,kff,obvious-50",n,n,
inpatient-rehab-cost,"Inpatient Drug Rehab Cost Without Insurance in 2026: 30/60/90 Day Pricing Guide",7,0,0,78,slight,medium,n,2,"clincalc,obvious-50",n,n,"critique: BUSA slight overlap"
colposcopy-cost,"Colposcopy Cost Without Insurance in 2026: National Pricing Guide",7,0,0,76,none,low,n,3,"clincalc",n,n,
ear-tubes-cost,"Ear Tubes Surgery Cost Without Insurance in 2026: Tympanostomy Pricing Guide",7,0,0,77,none,medium,n,3,"clincalc",n,n,
rotator-cuff-surgery-cost,"Rotator Cuff Surgery Cost Without Insurance in 2026: National Pricing Guide",6,0,0,80,none,medium,n,3,"clincalc",n,n,
adenoidectomy-cost,"Adenoidectomy Cost Without Insurance in 2026: National Pricing Guide",6,0,0,79,none,low,n,3,"clincalc",n,n,
endometrial-ablation-cost,"Endometrial Ablation Cost Without Insurance in 2026: National Pricing Guide",6,0,0,81,none,low,n,3,"clincalc",n,n,
acl-surgery-cost,"ACL Surgery Cost Without Insurance in 2026: National Pricing Guide",5,0,0,85,none,medium,n,3,"clincalc",n,n,
spinal-tap-cost,"Spinal Tap (Lumbar Puncture) Cost Without Insurance in 2026: National Pricing Guide",5,0,0,82,none,low,n,3,"clincalc",n,n,
septoplasty-cost,"Septoplasty Cost Without Insurance in 2026: Deviated Septum Surgery Pricing Guide",5,0,0,84,none,medium,n,3,"clincalc",n,n,
meniscus-surgery-cost,"Meniscus Surgery Cost Without Insurance in 2026: National Pricing Guide",4,0,0,88,none,medium,n,3,"clincalc",n,n,
spinal-fusion-cost,"Spinal Fusion Surgery Cost Without Insurance in 2026: National Pricing Guide",3,0,0,90,none,medium,n,3,"clincalc,goodrx,kff,obvious-50",n,n,
pacemaker-cost,"Pacemaker Cost Without Insurance in 2026: National Pricing Guide",2,0,0,92,none,medium,n,3,"clincalc,goodrx,obvious-50",n,n,
mohs-surgery-cost,"Mohs Surgery Cost Without Insurance in 2026: Stages I-III Pricing Guide",,,,,none,medium,n,1,"goodrx,healthline,costhelper,acms-utilization-876K/yr,critique-add",n,n,"critique-add: 2026-05-15, ~876K procedures/yr, Medicare Part B angle"
cardiac-ablation-cost,"Cardiac Ablation Cost Without Insurance in 2026: AFib Catheter Ablation Pricing Guide",,,,,none,medium,n,1,"goodrx,healthline,utilization-500K/yr-AFib,critique-add",n,n,"critique-add: 2026-05-15, ~500K/yr, $25-80K self-pay"
lithotripsy-cost,"Lithotripsy Cost Without Insurance in 2026: Kidney Stone Removal Pricing Guide",,,,,none,medium,n,2,"goodrx,cura4u,billarmor,utilization-150K-ESWL/yr,critique-add",n,n,"critique-add: 2026-05-15, ER-followup query"
gender-affirming-care-cost,"Gender-Affirming Care Cost by State in 2026: Top Surgery, Bottom Surgery & HRT Pricing",,,,,none,medium,y,2,"goodrx,williams-institute,hhs,state-fork,critique-add",n,n,"critique-add: 2026-05-15, ~20 states restrict Medicaid; state-fork"
cmp-test-cost,"Comprehensive Metabolic Panel (CMP) Test Cost Without Insurance in 2026",,,,,none,low,n,2,"labcorp,quest,goodrx,critique-add",n,n,"critique-add: 2026-05-15, ER-bill line item"
bmp-test-cost,"Basic Metabolic Panel (BMP) Test Cost Without Insurance in 2026",,,,,none,low,n,3,"labcorp,quest,critique-add",n,n,"critique-add: 2026-05-15, ER-bill line item"
troponin-test-cost,"Troponin Test Cost Without Insurance in 2026: Cardiac Biomarker Pricing Guide",,,,,none,low,n,3,"labcorp,quest,critique-add",n,n,"critique-add: 2026-05-15, ER-bill cardiac line item"
d-dimer-test-cost,"D-Dimer Test Cost Without Insurance in 2026: DVT/PE Rule-Out Pricing Guide",,,,,none,low,n,3,"labcorp,quest,critique-add",n,n,"critique-add: 2026-05-15, ER-bill DVT/PE line item"
psychiatric-evaluation-cost,"Psychiatric Evaluation Cost Without Insurance in 2026",,,,,none,low,n,1,"goodrx,obvious-50",n,n,"B-only; thin field"
dental-filling-cost,"Dental Filling Cost Without Insurance in 2026",,,,,none,medium,n,1,"goodrx,carecredit,guardian,obvious-50",n,n,"B-only"
root-canal-cost,"Root Canal Cost Without Insurance in 2026",,,,,none,medium,n,1,"goodrx,carecredit,guardian,obvious-50",n,n,"B-only"
dental-crown-cost,"Dental Crown Cost Without Insurance in 2026",,,,,none,medium,n,1,"goodrx,carecredit,guardian,obvious-50",n,n,"B-only"
dental-extraction-cost,"Tooth Extraction Cost Without Insurance in 2026",,,,,none,medium,n,1,"goodrx,carecredit,guardian,obvious-50",n,n,"B-only"
std-test-cost,"STD Test Cost Without Insurance in 2026",,,,,none,low,n,1,"goodrx,plannedparenthood,obvious-50",n,n,"B-only; thin field, high-intent"
lipid-panel-cost,"Lipid Panel (Cholesterol Test) Cost Without Insurance in 2026",,,,,none,low,n,1,"goodrx,labcorp,quest,obvious-50",n,n,"B-only"
a1c-test-cost,"A1C Test Cost Without Insurance in 2026",,,,,none,low,n,1,"goodrx,labcorp,obvious-50",n,n,"B-only"
cbc-test-cost,"Complete Blood Count (CBC) Test Cost Without Insurance in 2026",,,,,none,low,n,2,"labcorp,quest,obvious-50",n,n,"B-only"
thyroid-test-cost,"Thyroid Function Test (TSH) Cost Without Insurance in 2026",,,,,none,low,n,2,"goodrx,labcorp,obvious-50",n,n,"B-only"
vitamin-d-test-cost,"Vitamin D Test Cost Without Insurance in 2026",,,,,none,low,n,2,"labcorp,obvious-50",n,n,"B-only"
prostate-psa-test-cost,"Prostate PSA Test Cost Without Insurance in 2026",,,,,none,low,n,1,"goodrx,obvious-50",n,n,"B-only"
well-woman-exam-cost,"Well-Woman Exam Cost Without Insurance in 2026",,,,,none,medium,n,2,"goodrx,plannedparenthood,obvious-50",n,n,"B-only"
annual-physical-cost,"Annual Physical Cost Without Insurance in 2026",,,,,none,medium,n,1,"goodrx,nerdwallet,obvious-50",n,n,"B-only"
skin-cancer-screening-cost,"Skin Cancer Screening Cost Without Insurance in 2026",,,,,none,low,n,2,"goodrx,obvious-50",n,n,"B-only"
dermatology-visit-cost,"Dermatology Visit Cost Without Insurance in 2026",,,,,none,medium,n,2,"goodrx,obvious-50",n,n,"B-only"
sleep-apnea-surgery-cost,"Sleep Apnea Surgery Cost Without Insurance in 2026",,,,,none,medium,n,3,"goodrx,obvious-50",n,n,"B-only"
cpap-machine-cost,"CPAP Machine Cost Without Insurance in 2026",,,,,none,medium,n,2,"goodrx,obvious-50",n,n,"B-only"
prenatal-care-cost,"Prenatal Care Cost Without Insurance in 2026",,,,,none,medium,n,2,"goodrx,kff,obvious-50",n,n,"B-only"
vasectomy-reversal-cost,"Vasectomy Reversal Cost Without Insurance in 2026",,,,,none,low,n,3,"obvious-50",n,n,"B-only"
gynecomastia-surgery-cost,"Gynecomastia Surgery Cost Without Insurance in 2026",,,,,none,medium,n,3,"goodrx,obvious-50",n,n,"B-only"
breast-augmentation-cost,"Breast Augmentation Cost Without Insurance in 2026",,,,,none,medium,n,3,"goodrx,obvious-50",n,n,"B-only"
heart-valve-replacement-cost,"Heart Valve Replacement Cost Without Insurance in 2026",,,,,none,high,n,3,"goodrx,obvious-50",n,n,"B-only"
angioplasty-cost,"Angioplasty / Stent Cost Without Insurance in 2026",,,,,none,medium,n,3,"goodrx,obvious-50",n,n,"B-only"
organ-transplant-cost,"Organ Transplant Cost Without Insurance in 2026",,,,,none,high,n,3,"medicare,unos,kff,obvious-50",n,n,"B-only umbrella"
mri-knee-cost,"Knee MRI Cost Without Insurance in 2026",,,,,none,medium,n,2,"goodrx,obvious-50",n,n,"B-only body-part fork"
mri-brain-cost,"Brain MRI Cost Without Insurance in 2026",,,,,none,medium,n,2,"goodrx,obvious-50",n,n,"B-only body-part fork"
mri-shoulder-cost,"Shoulder MRI Cost Without Insurance in 2026",,,,,none,medium,n,3,"goodrx,obvious-50",n,n,"B-only body-part fork"
mri-back-lumbar-cost,"Lumbar Spine MRI Cost Without Insurance in 2026",,,,,none,medium,n,3,"obvious-50",n,n,"B-only body-part fork"
ct-head-cost,"Head CT Scan Cost Without Insurance in 2026",,,,,none,medium,n,3,"goodrx,obvious-50",n,n,"B-only body-part fork"
ct-abdomen-cost,"Abdomen CT Scan Cost Without Insurance in 2026",,,,,none,medium,n,3,"goodrx,obvious-50",n,n,"B-only body-part fork"
dental-x-ray-cost,"Dental X-Ray Cost Without Insurance in 2026",,,,,none,low,n,3,"obvious-50",n,n,"B-only"
ultrasound-pregnancy-cost,"Pregnancy Ultrasound Cost Without Insurance in 2026",,,,,none,low,n,2,"goodrx,obvious-50",n,n,"B-only"
ultrasound-abdominal-cost,"Abdominal Ultrasound Cost Without Insurance in 2026",,,,,none,low,n,3,"obvious-50",n,n,"B-only"
endoscopic-ultrasound-cost,"Endoscopic Ultrasound Cost Without Insurance in 2026",,,,,none,low,n,3,"obvious-50",n,n,"B-only"
capsule-endoscopy-cost,"Capsule Endoscopy Cost Without Insurance in 2026",,,,,none,low,n,3,"obvious-50",n,n,"B-only"
ercp-cost,"ERCP Cost Without Insurance in 2026",,,,,none,low,n,3,"obvious-50",n,n,"B-only"
liver-biopsy-cost,"Liver Biopsy Cost Without Insurance in 2026",,,,,none,low,n,3,"obvious-50",n,n,"B-only"
abortion-cost,"Abortion Cost by State in 2026 (Pill + Procedure)",,,,,none,high,y,2,"plannedparenthood,kff,heyjane,obvious-50",n,n,"B-only; state-fork by law"
nexplanon-implant-cost,"Nexplanon Implant Cost Without Insurance in 2026",,,,,none,low,n,3,"goodrx,obvious-50",n,n,"B-only"
egg-freezing-cost,"Egg Freezing Cost Without Insurance in 2026",,,,,none,high,n,3,"fertilityiq,obvious-50",n,n,"B-only"
eyeglasses-cost,"Eyeglasses Cost Without Insurance in 2026 (Frames + Lenses)",,,,,none,medium,n,3,"obvious-50",n,n,"B-only"
contact-lenses-cost,"Contact Lenses Cost Without Insurance in 2026",,,,,none,medium,n,3,"obvious-50",n,n,"B-only"
hearing-test-cost,"Hearing Test Cost Without Insurance in 2026",,,,,none,low,n,1,"obvious-50",n,n,"B-only"
hearing-aids-cost,"Hearing Aid Cost Without Insurance in 2026 (OTC vs Prescription)",,,,,none,medium,n,2,"aarp,costco,obvious-50",n,n,"B-only"
shingles-vaccine-cost,"Shingles Vaccine (Shingrix) Cost Without Insurance in 2026",,,,,none,low,n,2,"singlecare,goodrx,cdc,obvious-50",n,n,"B-only"
tdap-vaccine-cost,"Tdap Vaccine Cost Without Insurance in 2026",,,,,none,low,n,3,"cdc,goodrx,obvious-50",n,n,"B-only"
hpv-vaccine-cost,"HPV Vaccine (Gardasil) Cost Without Insurance in 2026",,,,,none,low,n,2,"cdc,obvious-50",n,n,"B-only"
covid-booster-cost,"COVID Booster Cost Without Insurance in 2026",,,,,none,medium,n,2,"cdc,goodrx,obvious-50",n,n,"B-only"
pneumonia-vaccine-cost,"Pneumonia Vaccine Cost Without Insurance in 2026",,,,,none,low,n,3,"cdc,obvious-50",n,n,"B-only"
mri-with-contrast-cost,"MRI with Contrast Cost Without Insurance in 2026",,,,,none,medium,n,2,"goodrx,obvious-50",n,n,"B-only"
ct-with-contrast-cost,"CT Scan with Contrast Cost Without Insurance in 2026",,,,,none,medium,n,3,"goodrx,obvious-50",n,n,"B-only"
mental-health-iop-cost,"Intensive Outpatient Mental Health Program Cost Without Insurance in 2026",,,,,none,low,n,3,"obvious-50",n,n,"B-only"
inpatient-mental-health-cost,"Inpatient Mental Health (Psychiatric Hospital) Cost Without Insurance in 2026",,,,,slight,low,n,3,"obvious-50",n,n,"B-only; BUSA slight overlap"
dental-implant-cost,"Dental Implant Cost Without Insurance in 2026",,,,,none,medium,n,2,"carecredit,goodrx,obvious-50",n,n,"B-only"
dentures-cost,"Dentures Cost Without Insurance in 2026 (Full + Partial)",,,,,none,medium,n,2,"carecredit,obvious-50",n,n,"B-only"
braces-orthodontics-cost,"Braces and Orthodontics Cost Without Insurance in 2026 (Adult + Child)",,,,,none,high,n,3,"carecredit,smiledirect,obvious-50",n,n,"B-only"
invisalign-cost,"Invisalign Cost Without Insurance in 2026",,,,,none,high,n,3,"invisalign,obvious-50",n,n,"B-only"
oxygen-tank-home-cost,"Home Oxygen Tank Cost Without Insurance in 2026",,,,,none,low,n,3,"obvious-50",n,n,"B-only"
wheelchair-walker-cost,"Wheelchair and Walker Cost Without Insurance in 2026",,,,,none,low,n,3,"obvious-50",n,n,"B-only"
diabetes-supplies-cost,"Diabetes Test Strips and CGM Cost Without Insurance in 2026",,,,,none,medium,n,2,"goodrx,singlecare,obvious-50",n,n,"B-only"
home-health-visit-cost,"Home Health Aide Visit Cost Without Insurance in 2026",,,,,none,low,n,3,"obvious-50",n,n,"B-only"
nursing-home-day-cost,"Nursing Home Cost Per Day in 2026",,,,,none,medium,n,3,"genworth,aarp,obvious-50",n,n,"B-only"
hospice-care-cost,"Hospice Care Cost Without Insurance in 2026",,,,,none,low,n,3,"medicare,obvious-50",n,n,"B-only"
sprain-treatment-cost,"Sprain or Strain Treatment Cost Without Insurance in 2026",,,,,none,low,n,3,"obvious-50",n,n,"B-only"
