topic,title_hint,demand_score,bing_impressions_weekly,google_monthly_volume,utilization_rank,busa_overlap,competitor_density,state_specific,priority,sources,already_live,already_queued,subtype,notes
does-medicare-cover-dental,Does Medicare Cover Dental Care in 2026?,,,,1,none,high,n,1,"medicare.gov,aarp,already-live-CU",y,n,qa-coverage,"Already live. Reference only."
does-medicare-cover-vision,Does Medicare Cover Vision Care in 2026?,,,,1,none,high,n,1,"medicare.gov,aarp,already-live-CU",y,n,qa-coverage,"Already live. Reference only."
does-medicaid-cover-rehab,Does Medicaid Cover Drug & Alcohol Rehab in 2026?,,,,1,slight,medium,n,1,"medicaid.gov,samhsa,already-live-CU",y,n,qa-coverage,"Already live. Reference only."
does-medicare-cover-hearing-aids,Does Medicare Cover Hearing Aids in 2026?,1900,1868,2900,1,none,high,n,1,"Bing-does-medicare-cover-hearing-aids-2487-broad-1868-strict-corrected,medicare.gov,aarp,humana",n,n,qa-coverage,"Demand corrected from 3200 to 1900 (strict-match per critique §4 — A was double-counting broad)."
does-medicare-cover-ozempic,Does Medicare Cover Ozempic in 2026? (Type 2 vs Weight-Loss Rules),2400,215,3300,1,none,high,n,1,"Bing-ozempic-100-related-30k-volume,medicare.gov,goodrx,kff",n,n,qa-coverage,"Long-tail year+policy angle per critique §7. Cover Type-2 vs WL distinction."
does-medicare-cover-wegovy,Does Medicare Cover Wegovy in 2026? (Cardiovascular Indication),1900,1224,2400,1,none,high,n,1,"Bing-does-medicare-cover-wegovy-1522-broad-1224-strict,kff,goodrx",n,n,qa-coverage,"CV indication is the 2024+ policy hook."
does-medicare-cover-mounjaro-2026,Does Medicare Cover Mounjaro in 2026?,900,80,1300,1,none,high,y,1,"goodrx,kff,GLP-1-class-extension,Bing-mounjaro-related",n,n,qa-coverage,"State-fork: state Medicaid GLP-1 variation is the 2026 angle (critique additions §2)."
does-medicare-cover-zepbound-2026,Does Medicare Cover Zepbound in 2026?,720,62,1300,y,none,low,n,1,"GLP-1-class-extension,Bing-related-zepbound,goodrx",n,n,qa-coverage,"State-fork. New brand 2024+ in news cycle."
does-medicare-cover-glp1-weight-loss,Does Medicare Cover GLP-1 Drugs for Weight Loss in 2026? (Class Umbrella),1400,125,2200,1,none,medium,n,1,"kff,goodrx,cms,FANOUT-4.3-class-umbrella",n,n,qa-coverage,"Class umbrella per critique §6 adjudication — keep umbrella + per-drug pages."
does-medicaid-cover-ozempic,Does Medicaid Cover Ozempic and GLP-1 Drugs in 2026?,920,82,1300,2,slight,medium,n,1,"kff,goodrx,medicaid.gov,Bing-ozempic-related-100,FANOUT-4.3",n,n,qa-coverage,"National coverage Q&A. Companion to state-fork page below."
does-medicaid-cover-glp1-by-state,Does Medicaid Cover GLP-1 for Weight Loss by State in 2026? (51-Fork),1100,98,1500,2,slight,medium,y,1,"kff-state-medicaid-glp1-tracker,critique-§2,B-misplaced-drug-template-state-fork",n,n,qa-coverage,"State-fork (51 pages). Critique §2 + drug-critique rerouted here. CA/NC/PA/CT cover; most don't. Hottest 2026 state-fork."
does-medicare-cover-eye-exams,Does Medicare Cover Eye Exams in 2026?,1100,98,1600,1,none,medium,n,1,"Bing-vision-coverage-related,medicare.gov,humana,aarp",n,n,qa-coverage,
does-medicare-cover-glasses,Does Medicare Cover Glasses or Contacts in 2026?,820,72,1200,1,none,high,n,2,"medicare.gov/coverage/eyeglasses-contact-lenses,aarp",n,n,qa-coverage,"Demoted from P1 — head term per critique §7."
does-medicare-cover-cataract-surgery,Does Medicare Cover Cataract Surgery in 2026?,1100,98,1500,1,none,high,n,1,"medicare.gov/coverage/cataract-surgery,aarp,allaboutvision",n,n,qa-coverage,
does-medicare-cover-lasik,Does Medicare Cover LASIK Eye Surgery in 2026?,500,45,820,2,none,medium,n,2,"medicare.gov,aarp,allaboutvision",n,n,qa-coverage,
does-medicare-cover-eyeglasses-after-cataract,Does Medicare Cover Eyeglasses After Cataract Surgery in 2026?,420,36,620,2,none,low,n,3,"CMS-post-cataract-eyewear-benefit,sibling-of-cataract",n,n,qa-coverage,
does-medicare-cover-mental-health,Does Medicare Cover Mental Health Care in 2026?,1400,125,2200,1,none,high,n,1,"Bing-therapy-insurance-related,medicare.gov/coverage/mental-health-care,aarp,kff",n,n,qa-coverage,
does-medicare-cover-therapy,Does Medicare Cover Therapy and Counseling in 2026?,1100,98,1600,1,none,high,n,1,"medicare.gov,aarp,psychologytoday",n,n,qa-coverage,
does-medicare-cover-psychiatrists,Does Medicare Cover Psychiatrist Visits in 2026?,520,45,820,2,none,medium,n,2,"medicare.gov,aarp",n,n,qa-coverage,
does-medicare-cover-addiction-rehab,Does Medicare Cover Drug and Alcohol Rehab in 2026?,820,72,1200,1,none,medium,n,1,"medicare.gov,samhsa,aarp",n,n,qa-coverage,
does-medicare-cover-physical-therapy,Does Medicare Cover Physical Therapy in 2026?,1200,108,1800,1,none,high,n,2,"medicare.gov,aarp,apta",n,n,qa-coverage,"Demoted P1→P2 per critique §7 — head term."
does-medicare-cover-occupational-therapy,Does Medicare Cover Occupational Therapy in 2026?,520,45,820,2,none,medium,n,2,"medicare.gov,aota,aarp",n,n,qa-coverage,
does-medicare-cover-speech-therapy,Does Medicare Cover Speech Therapy in 2026?,420,36,720,2,none,medium,n,2,"medicare.gov,asha,aarp",n,n,qa-coverage,
does-medicare-cover-chiropractor,Does Medicare Cover Chiropractor Visits in 2026?,950,85,1400,1,none,high,n,2,"medicare.gov/coverage/chiropractic-services,aarp",n,n,qa-coverage,
does-medicare-cover-acupuncture,Does Medicare Cover Acupuncture for Back Pain in 2026?,720,62,1100,2,none,medium,n,2,"medicare.gov,aarp,CMS-acupuncture-LBP-rule-2020",n,n,qa-coverage,
does-medicare-cover-cgm,Does Medicare Cover Continuous Glucose Monitors (Dexcom/Libre) in 2026?,820,72,1300,2,none,low,n,2,"CMS-CGM-Type1-Type2-eligibility-2023,medicare.gov",n,n,qa-coverage,
does-medicare-cover-diabetic-supplies,Does Medicare Cover Diabetic Supplies in 2026?,720,62,1100,2,none,medium,n,2,"medicare.gov,aarp,beyond-type-1",n,n,qa-coverage,
does-medicare-cover-insulin,Does Medicare Cover Insulin in 2026? ($35 Cap),920,82,1500,1,none,medium,n,1,"medicare.gov,cms,kff,IRA-Part-D-insulin-cap",n,n,qa-coverage,
does-medicare-cover-shingles-vaccine,Does Medicare Cover the Shingles Vaccine in 2026? (Part D),680,58,950,2,none,medium,n,2,"IRA-Part-D-vaccine-rule,medicare.gov,cms,aarp",n,n,qa-coverage,
does-medicare-cover-shingrix,Does Medicare Cover Shingrix in 2026?,420,36,620,3,none,low,n,3,"IRA-Part-D-zero-copay,sibling-of-shingles-vaccine",n,n,qa-coverage,
does-medicare-cover-rsv-vaccine,Does Medicare Cover the RSV Vaccine in 2026?,420,36,680,2,none,low,n,3,"CMS-Part-D-IRA-vaccine,Bing-related",n,n,qa-coverage,
does-medicare-cover-covid-vaccine,Does Medicare Cover the COVID Vaccine in 2026?,580,48,920,2,none,medium,n,2,"medicare.gov,cdc,cms",n,n,qa-coverage,
does-medicare-cover-flu-shot,Does Medicare Cover the Flu Shot in 2026?,720,62,1300,1,none,medium,n,2,"medicare.gov/coverage/flu-shots,aarp,cdc",n,n,qa-coverage,"Demoted P1→P2 per critique §7."
does-medicare-cover-cologuard,Does Medicare Cover Cologuard (At-Home Colon Screening) in 2026?,820,72,1200,2,none,low,n,1,"medicare.gov,cologuard,critique-§2-missing-add",n,n,qa-coverage,"NEW per critique §2. Every-3-years for average-risk."
does-medicare-cover-colonoscopy,Does Medicare Cover Colonoscopy Screening in 2026?,920,82,1500,1,none,high,n,1,"medicare.gov/coverage/colonoscopies,aarp,cancer.org",n,n,qa-coverage,
does-medicare-cover-mammograms,Does Medicare Cover Mammograms in 2026?,820,72,1300,1,none,high,n,1,"medicare.gov/coverage/mammograms,aarp,komen",n,n,qa-coverage,
does-medicare-cover-pap-smear,Does Medicare Cover Pap Smears in 2026?,620,52,920,2,none,low,n,1,"medicare.gov,critique-§2-missing-add",n,n,qa-coverage,"NEW per critique §2."
does-medicare-cover-hpv-test,Does Medicare Cover the HPV Test in 2026?,420,36,680,2,none,low,n,1,"medicare.gov,acog,critique-§2-missing-add",n,n,qa-coverage,"NEW per critique §2."
does-medicare-cover-psa-test,Does Medicare Cover PSA Tests in 2026?,580,48,920,2,none,low,n,1,"medicare.gov,zerocancer,critique-§2-missing-add",n,n,qa-coverage,"NEW per critique §2."
does-medicare-cover-prostate-screening,Does Medicare Cover Prostate Cancer Screening in 2026?,520,45,820,2,none,medium,n,2,"medicare.gov,zerocancer,aarp",n,n,qa-coverage,
does-medicare-cover-lung-ct-screening,Does Medicare Cover Lung CT (LDCT) Screening in 2026?,520,45,820,2,none,low,n,1,"medicare.gov,lung.org,cms,critique-§2-missing-add",n,n,qa-coverage,"NEW per critique §2. Eligibility-age expansion 2022."
does-medicare-second-opinion-coverage,Does Medicare Cover a Second Opinion in 2026?,520,45,820,2,none,low,n,1,"medicare.gov,critique-§2-missing-add",n,n,qa-coverage,"NEW per critique §2."
does-medicare-cover-nursing-home,Does Medicare Cover Nursing Home Care in 2026? (100-Day Cap),1300,115,2200,1,none,high,n,1,"medicare.gov/coverage/long-term-care,aarp,ncoa,kff",n,n,qa-coverage,
does-medicare-cover-assisted-living,Does Medicare Cover Assisted Living in 2026?,820,72,1300,2,none,medium,n,2,"aarp,ncoa,medicareadvocacy",n,n,qa-coverage,
does-medicare-cover-home-health,Does Medicare Cover Home Health Care in 2026?,920,82,1400,1,none,high,n,1,"medicare.gov/coverage/home-health-services,aarp,ncoa",n,n,qa-coverage,
does-medicare-cover-in-home-care,Does Medicare Cover In-Home Caregivers in 2026?,620,52,950,2,none,medium,n,2,"aarp,ncoa,medicare.gov",n,n,qa-coverage,
does-medicare-cover-hospice,Does Medicare Cover Hospice Care in 2026?,720,62,1100,1,none,medium,n,1,"medicare.gov,nhpco,aarp",n,n,qa-coverage,
does-medicare-cover-palliative-care,Does Medicare Cover Palliative Care in 2026?,380,32,580,2,none,low,n,2,"medicare.gov,capc,aarp",n,n,qa-coverage,
does-medicare-cover-skilled-nursing,Does Medicare Cover Skilled Nursing Facility Stays in 2026?,720,62,1200,1,none,medium,n,1,"medicare.gov,aarp,kff",n,n,qa-coverage,
does-medicare-cover-dental-implants,Does Medicare Cover Dental Implants in 2026?,720,62,1100,2,none,medium,n,2,"sibling-of-existing-dental,Bing-dental-related-long-tail,aarp,delta-dental",n,n,qa-coverage,
does-medicare-cover-dentures,Does Medicare Cover Dentures in 2026?,580,48,900,2,none,medium,n,2,"aarp,medicareadvocacy.org,humana",n,n,qa-coverage,
does-medicare-cover-root-canals,Does Medicare Cover Root Canals in 2026?,380,32,580,2,none,low,n,2,"medicare.gov,aarp,deltadental",n,n,qa-coverage,
does-medicare-cover-crowns,Does Medicare Cover Dental Crowns in 2026?,320,28,480,2,none,low,n,2,"aarp,humana,deltadental",n,n,qa-coverage,
does-medicare-cover-cpap,Does Medicare Cover CPAP Machines in 2026?,720,62,1100,2,none,medium,n,2,"medicare.gov,aarp,resmed",n,n,qa-coverage,
does-medicare-cover-oxygen,Does Medicare Cover Home Oxygen Therapy in 2026?,420,36,680,2,none,low,n,2,"medicare.gov,aarp,inogen",n,n,qa-coverage,
does-medicare-cover-wheelchairs,Does Medicare Cover Wheelchairs and Power Chairs in 2026?,520,45,820,2,none,medium,n,2,"medicare.gov,aarp",n,n,qa-coverage,
does-medicare-cover-walkers,Does Medicare Cover Walkers and Canes in 2026?,320,28,480,3,none,low,n,3,"medicare.gov,aarp",n,n,qa-coverage,
does-medicare-cover-joint-injections,Does Medicare Cover Knee and Joint Injections in 2026?,420,36,680,3,none,low,n,3,"medicare.gov,aarp",n,n,qa-coverage,
does-medicare-cover-bariatric-surgery,Does Medicare Cover Bariatric Surgery in 2026?,520,45,820,2,none,medium,n,2,"medicare.gov,obesityaction,aarp,CMS-bariatric-NCD",n,n,qa-coverage,
does-medicare-cover-prescription-drugs,Does Original Medicare Cover Prescription Drugs in 2026?,820,72,1300,1,none,medium,n,1,"medicare.gov,aarp,kff",n,n,qa-coverage,
does-medicare-cover-telehealth,Does Medicare Cover Telehealth Visits in 2026?,720,62,1100,1,none,medium,n,1,"medicare.gov,kff,cms,2026-extension-rule",n,n,qa-coverage,
does-medicare-cover-urgent-care,Does Medicare Cover Urgent Care Visits in 2026?,520,45,820,2,none,medium,n,2,"medicare.gov,aarp",n,n,qa-coverage,
does-medicare-cover-er-visits,Does Medicare Cover Emergency Room Visits in 2026?,720,62,1200,1,none,high,n,2,"medicare.gov,aarp",n,n,qa-coverage,"Demoted P1→P2 per critique §7 — head term."
does-medicare-cover-ambulance,Does Medicare Cover Ambulance Rides in 2026?,520,45,820,2,none,medium,n,2,"medicare.gov/coverage/ambulance-services,aarp",n,n,qa-coverage,
does-medicare-cover-transportation,Does Medicare Cover Transportation to Doctor Appointments in 2026?,380,32,580,2,none,low,n,3,"medicare.gov,aarp,modivcare",n,n,qa-coverage,
does-medicare-cover-pre-existing-conditions,Does Medicare Cover Pre-Existing Conditions in 2026?,580,48,920,2,none,medium,n,2,"medicare.gov,kff,aarp",n,n,qa-coverage,
does-medicare-advantage-cover-dental,Does Medicare Advantage Cover Dental in 2026? (Bonus Benefit Breakdown),920,82,1500,1,none,medium,n,1,"Bing-medicare-advantage-100-related,FANOUT-4.3-MA-add-on-shape,critique-§7-long-tail-promote",n,n,qa-coverage,"Promoted per critique §7 — year+MA-fork long-tail."
does-medicare-advantage-cover-vision,Does Medicare Advantage Cover Vision in 2026?,720,62,1200,1,none,medium,n,2,"sibling-of-MA-dental,FANOUT-4.3-MA-add-on-shape",n,n,qa-coverage,
does-medicare-advantage-cover-hearing,Does Medicare Advantage Cover Hearing Aids in 2026?,820,72,1300,1,none,medium,n,1,"Bing-medicare-advantage-hearing-related,FANOUT-4.3-MA-add-on-shape",n,n,qa-coverage,
does-medicare-advantage-cover-gym,Does Medicare Advantage Cover Gym Memberships (SilverSneakers) in 2026?,620,52,950,2,none,medium,n,2,"SilverSneakers-MA-supplemental-benefit,Bing-related,aarp",n,n,qa-coverage,
does-medicare-advantage-cover-meals,Does Medicare Advantage Cover Meal Delivery in 2026?,420,36,620,2,none,low,n,3,"CMS-MA-SSBCI-rule,aarp,humana",n,n,qa-coverage,
does-medicare-advantage-cover-transportation,Does Medicare Advantage Cover Transportation in 2026?,380,32,580,2,none,low,n,3,"CMS-MA-supplemental-benefit-tracker,aarp",n,n,qa-coverage,
does-medicare-advantage-cover-otc,Does Medicare Advantage Cover OTC Benefits in 2026?,420,36,620,2,none,low,n,3,"aarp,humana,uhc",n,n,qa-coverage,
does-medicaid-cover-dental-adults,Does Medicaid Cover Dental for Adults in 2026? (State-by-State),1300,115,1900,2,slight,high,y,1,"CMS-state-Medicaid-dental-tracker,medicaid.gov,kff,critique-§5-busa-overlap-corrected",n,n,qa-coverage,"BUSA overlap corrected none→slight per critique §5. Scales 51x."
does-medicaid-cover-vision,Does Medicaid Cover Vision and Eye Exams in 2026? (State-by-State),720,62,1100,2,slight,medium,y,2,"medicaid.gov,kff,aoa",n,n,qa-coverage,
does-medicaid-cover-hearing-aids,Does Medicaid Cover Hearing Aids for Adults in 2026?,520,45,820,2,slight,medium,y,2,"medicaid.gov,kff,hearingloss.org",n,n,qa-coverage,
does-medicaid-cover-glasses,Does Medicaid Cover Eyeglasses for Adults in 2026?,420,36,620,2,slight,low,y,2,"medicaid.gov,kff",n,n,qa-coverage,
does-medicaid-cover-braces,Does Medicaid Cover Braces / Orthodontics for Kids in 2026?,820,72,1400,2,none,low,n,2,"medicaid.gov,kff,CHIP-EPSDT-rule",n,n,qa-coverage,
does-medicaid-cover-mental-health,Does Medicaid Cover Mental Health Care in 2026?,920,82,1400,1,none,high,n,1,"medicaid.gov,kff,samhsa",n,n,qa-coverage,
does-medicaid-cover-therapy,Does Medicaid Cover Therapy and Counseling in 2026?,820,72,1200,1,none,medium,n,1,"medicaid.gov,nami,samhsa",n,n,qa-coverage,
does-medicaid-cover-autism-aba-therapy,Does Medicaid Cover ABA Therapy for Autism in 2026?,720,62,1100,1,slight,medium,y,1,"medicaid.gov,autismspeaks,cms",n,n,qa-coverage,
does-medicaid-cover-pregnancy,Does Medicaid Cover Pregnancy and Maternity Care in 2026?,820,72,1300,1,none,high,n,1,"medicaid.gov,cms,kff,march-of-dimes",n,n,qa-coverage,
does-medicaid-cover-abortion,Does Medicaid Cover Abortion in 2026? (State-by-State),720,62,1100,1,slight,medium,y,1,"kff,guttmacher,medicaid.gov",n,n,qa-coverage,"State-fork — politically hot 2026 angle."
does-medicaid-cover-birth-control,Does Medicaid Cover Birth Control in 2026?,520,45,820,2,none,medium,n,2,"medicaid.gov,plannedparenthood,kff",n,n,qa-coverage,
does-medicaid-cover-ivf,Does Medicaid Cover IVF / Fertility Treatment in 2026? (State-by-State),580,48,900,2,slight,low,y,2,"medicaid.gov,resolve.org,kff,State-IVF-mandate-tracker",n,n,qa-coverage,"Priority adjudication: B's P2 wins over A's P3 per critique §6.1."
does-medicaid-cover-gender-affirming-care,Does Medicaid Cover Gender-Affirming Care in 2026? (State-by-State),720,62,1100,1,slight,medium,y,1,"medicaid.gov,kff,hrc,movementadvancement",n,n,qa-coverage,"Priority adjudication: B's P1 wins over A's P3 per critique §6.3."
does-medicaid-cover-top-surgery,Does Medicaid Cover Top Surgery in 2026?,420,36,620,2,slight,low,y,2,"medicaid.gov,hrc",n,n,qa-coverage,
does-medicaid-cover-hormone-therapy,Does Medicaid Cover Hormone Replacement Therapy (HRT) in 2026?,420,36,620,2,slight,low,y,2,"medicaid.gov,hrc,planned-parenthood",n,n,qa-coverage,
does-medicaid-cover-weight-loss-surgery,Does Medicaid Cover Bariatric Surgery in 2026?,720,62,1100,2,none,medium,n,2,"medicaid.gov,obesityaction,CMS-bariatric-NCD",n,n,qa-coverage,
does-medicaid-cover-home-care,Does Medicaid Cover In-Home Care (HCBS Waivers) in 2026?,820,72,1300,1,slight,medium,y,1,"medicaid.gov,kff,ncoa,CMS-HCBS-waiver-tracker",n,n,qa-coverage,
does-medicaid-cover-nursing-home,Does Medicaid Cover Nursing Home Care in 2026? (Income/Asset Rules),1400,125,2200,1,slight,medium,y,1,"medicaid.gov,kff,ncoa",n,n,qa-coverage,
does-medicaid-cover-transportation,Does Medicaid Cover Transportation to Medical Appointments (NEMT) in 2026?,420,36,680,2,none,medium,n,2,"medicaid.gov,cms",n,n,qa-coverage,
does-medicaid-cover-prescription-drugs,Does Medicaid Cover Prescription Drugs in 2026?,520,45,820,2,none,medium,n,1,"medicaid.gov,kff,goodrx",n,n,qa-coverage,
does-medicaid-cover-physical-therapy,Does Medicaid Cover Physical Therapy in 2026?,420,36,620,2,slight,low,y,2,"medicaid.gov,apta",n,n,qa-coverage,
does-medicaid-cover-suboxone,Does Medicaid Cover Suboxone / MAT for Opioid Use Disorder in 2026?,520,45,820,3,slight,low,n,3,"medicaid.gov,samhsa-MAT-coverage,sibling-of-rehab",n,n,qa-coverage,
does-medicaid-cover-adhd-medication,Does Medicaid Cover ADHD Medication for Kids/Adults in 2026?,520,45,820,3,none,low,n,3,"medicaid.gov,CMS-EPSDT-rule",n,n,qa-coverage,
does-medicaid-cover-emergency-room,Does Medicaid Cover Emergency Room Visits in 2026?,520,45,820,2,none,medium,n,2,"medicaid.gov,kff",n,n,qa-coverage,
does-medicaid-cover-undocumented-immigrants,Does Medicaid Cover Undocumented Immigrants in 2026? (State Expansion Map),720,62,1100,1,slight,medium,y,1,"kff,medicaid.gov,nilc",n,n,qa-coverage,"State-fork — CA/NY/IL/OR/WA full expansion is 2026 hot button."
does-aca-cover-preexisting,Does ACA Marketplace Insurance Cover Pre-Existing Conditions in 2026?,820,72,1500,1,none,high,n,1,"healthcare.gov,cms,kff",n,n,qa-coverage,
does-aca-cover-pregnancy,Does ACA Marketplace Insurance Cover Pregnancy in 2026?,720,62,1100,1,none,high,n,1,"healthcare.gov,kff,march-of-dimes",n,n,qa-coverage,
does-aca-cover-mental-health,Does ACA Cover Mental Health and Substance Abuse in 2026?,620,52,920,1,none,medium,n,1,"healthcare.gov,kff,samhsa,MHPAEA-parity-rule",n,n,qa-coverage,
does-aca-cover-birth-control,Does ACA Insurance Cover Birth Control / IUDs in 2026?,520,45,820,2,none,medium,n,2,"healthcare.gov,kff,plannedparenthood,Womens-Preventive-Services-rule",n,n,qa-coverage,
does-aca-cover-breast-pumps,Does ACA Insurance Cover Breast Pumps in 2026?,420,36,620,2,none,medium,n,2,"healthcare.gov,kelly-mom,acog",n,n,qa-coverage,
does-aca-cover-lactation-support,Does ACA Insurance Cover Lactation Consultants in 2026?,280,24,420,3,none,low,n,3,"healthcare.gov,kelly-mom",n,n,qa-coverage,
does-aca-cover-preventive-care,Does ACA Insurance Cover Preventive Care 100% in 2026?,720,62,1200,1,none,medium,n,2,"healthcare.gov,cms,kff",n,n,qa-coverage,"Demoted P1→P2 per critique §7 — head term."
does-aca-cover-essential-health-benefits,What Are the 10 ACA Essential Health Benefits in 2026?,520,45,820,1,none,medium,n,2,"healthcare.gov/glossary/essential-health-benefits,kff",n,n,qa-coverage,"Demoted P1→P2 per critique §7 — head term, no policy news."
does-aca-cover-vaccines,Does ACA Insurance Cover Vaccines for Free in 2026?,380,32,580,2,none,low,n,2,"healthcare.gov,cdc",n,n,qa-coverage,
does-aca-cover-dental,Does ACA Marketplace Insurance Cover Dental in 2026?,520,45,820,2,none,medium,n,2,"healthcare.gov,kff,delta-dental",n,n,qa-coverage,
does-aca-cover-vision,Does ACA Marketplace Insurance Cover Vision in 2026?,420,36,620,2,none,medium,n,2,"healthcare.gov,kff",n,n,qa-coverage,
does-aca-cover-acupuncture-2026,Does ACA / Obamacare Cover Acupuncture in 2026? (State-by-State EHB),520,45,820,2,none,low,y,1,"healthcare.gov,state-EHB-benchmark,critique-§2-missing-add",n,n,qa-coverage,"NEW per critique §2. State-fork — EHB varies by state benchmark."
does-aca-cover-chiropractic-2026,Does ACA / Obamacare Cover Chiropractic Care in 2026? (State-by-State EHB),520,45,820,2,none,low,y,1,"healthcare.gov,state-EHB-benchmark,critique-§2-missing-add",n,n,qa-coverage,"NEW per critique §2. State-fork — EHB varies by state benchmark."
medicare-vs-medicaid-coverage,Medicare vs Medicaid: What's the Difference in Coverage in 2026?,1400,125,1900,1,slight,high,n,1,"medicare.gov,medicaid.gov,kff,aarp",n,n,qa-coverage,
medicare-advantage-vs-original-medicare,Medicare Advantage vs Original Medicare: Coverage Differences in 2026,920,82,1500,1,none,high,n,1,"medicare.gov,kff,aarp",n,n,qa-coverage,
medigap-vs-medicare-advantage,Medigap vs Medicare Advantage: Which Covers More in 2026?,820,72,1300,1,none,high,n,1,"medicare.gov,aarp,kff",n,n,qa-coverage,
is-medicare-supplement-worth-it,Is Medicare Supplement (Medigap) Worth It in 2026?,620,52,1100,1,slight,high,n,2,"FANOUT-4.8-MA-vs-Medigap-shape,competitor-landscape-7-NerdWallet,critique-§5-busa-corrected-slight",n,n,qa-coverage,"BUSA overlap corrected none→slight per critique §5."
is-medicare-free,Is Medicare Free in 2026? (Premium Breakdown by Part),920,82,1600,1,none,medium,n,1,"Bing-what-is-medicare-part-b-7243-broad,medicare.gov,critique-§6.10",n,n,qa-coverage,"A wins (B missing). Basic premium-by-Part Q&A is real demand."
is-medicaid-free,Is Medicaid Free in 2026? (Premiums and Copays by State),620,52,1100,1,slight,low,y,2,"medicaid.gov,Bing-medicaid-related",n,n,qa-coverage,
obamacare-still-available-2026,Is ACA / Obamacare Still Available in 2026? (Post-OBBB Changes),2000,178,3200,1,none,medium,n,1,"Bing-obamacare-20909-broad,2025-OBBB-eligibility-changes,critique-§4-bump-to-P1",n,n,qa-coverage,"Demand bumped from 720 to 2000 per critique §4 — OBBB policy news angle."
is-ozempic-covered-by-insurance,Is Ozempic Covered by Insurance in 2026? (Type 2 vs Weight Loss),1200,108,2200,1,none,high,n,1,"Bing-ozempic-100-related-30k-volume,goodrx,kff",n,n,qa-coverage,
is-wegovy-covered-by-insurance,Is Wegovy Covered by Insurance in 2026?,920,82,1700,1,none,medium,n,1,"Bing-wegovy-100-related,kff,goodrx",n,n,qa-coverage,
is-zepbound-covered-by-insurance,Is Zepbound Covered by Insurance in 2026?,720,62,1300,1,none,low,n,2,"GLP-1-class-extension,Bing-related-mounjaro-zepbound",n,n,qa-coverage,
can-i-get-medicare-under-65,Can I Get Medicare Under 65 in 2026? (Disability / ESRD / ALS),920,82,1500,1,none,medium,n,1,"CMS-Medicare-disability-rule,SSA-SSDI-24-month-waiting-period",n,n,qa-coverage,
can-i-have-both-medicare-and-medicaid,Can I Have Both Medicare and Medicaid in 2026? (Dual Eligibility),820,72,1400,1,slight,medium,n,1,"CMS-dual-eligible-tracker,Bing-medicaid-medicare-related,critique-§5-overlap-corrected-slight",n,n,qa-coverage,"BUSA overlap corrected none→slight per critique §5."
can-i-have-medicaid-and-aca,Can You Have Both ACA and Medicaid in 2026?,420,36,680,2,slight,low,n,2,"healthcare.gov,medicaid.gov,critique-§5-corrected-slight",n,n,qa-coverage,"BUSA overlap corrected heavy→slight per critique §5."
can-i-keep-medicaid-after-getting-job,Can I Keep Medicaid After Getting a Job in 2026?,620,52,820,2,heavy,medium,n,2,"BUSA-medicaid-working-overlap-app-intent,Bing-medicaid-working-related",n,y,qa-coverage,"Already-queued in BUSA universe per B (y)."
can-i-get-aca-subsidy-with-medicaid-offer,Can I Get an ACA Subsidy If I Qualify for Medicaid in 2026?,420,36,680,2,none,low,n,2,"Healthcare.gov-Medicaid-Marketplace-overlap-rule",n,n,qa-coverage,
can-i-get-aca-subsidy-with-employer-offer,Can I Get an ACA Subsidy With an Affordable Employer Offer in 2026?,520,45,820,2,none,medium,n,2,"Healthcare.gov-affordability-rule-2026,family-glitch-fix",n,n,qa-coverage,
can-i-buy-aca-outside-open-enrollment,Can You Buy ACA Insurance Outside Open Enrollment in 2026?,720,62,1100,1,heavy,medium,n,1,"healthcare.gov,kff",n,y,qa-coverage,"Already-queued in BUSA universe per B (y)."
can-i-add-spouse-to-medicare,Can I Add My Spouse to Medicare in 2026? (Spoiler: No),420,36,720,2,none,low,n,3,"Medicare.gov-individual-only-rule",n,n,qa-coverage,
can-i-keep-my-doctor-medicare-advantage,Can I Keep My Doctor If I Switch to Medicare Advantage in 2026?,620,52,950,1,none,medium,n,1,"FANOUT-4.3-MA-vs-Original-shape,medicare.gov",n,n,qa-coverage,
can-i-switch-from-medicare-advantage-to-original,Can I Switch From Medicare Advantage Back to Original Medicare in 2026?,720,62,1200,1,none,medium,n,1,"Medicare.gov-MOEP-rule,FANOUT-4.3-MA-vs-Original",n,n,qa-coverage,
can-i-use-goodrx-with-medicare,Can You Use GoodRx With Medicare in 2026?,520,45,820,2,heavy,medium,n,2,"goodrx,medicare.gov",n,y,qa-coverage,"Already-queued in BUSA universe per B (y)."
who-qualifies-for-aca-subsidy,Who Qualifies for ACA Subsidies in 2026? (Income Cliff After 400% FPL),1100,98,1900,1,heavy,medium,n,1,"BUSA-aca-eligibility-overlap-heavy,2026-subsidy-cliff-restored,critique-§5-corrected-heavy",n,n,qa-coverage,"BUSA overlap corrected slight→heavy per critique §5. Skip state forks (BUSA owns those)."
what-counts-as-income-for-medicaid,What Counts as Income for Medicaid in 2026? (MAGI Rules),720,62,1300,1,slight,medium,n,1,"BUSA-magi-overlap-tax-intent,FANOUT-4.4-income-source-includes-table",n,n,qa-coverage,
what-counts-as-income-for-aca,What Counts as Income for ACA Subsidies in 2026?,620,52,1200,1,slight,medium,n,2,"BUSA-magi-aca-overlap,sibling-of-medicaid-income-MAGI",n,n,qa-coverage,
how-much-can-you-make-and-still-get-medicaid,How Much Can You Make and Still Get Medicaid in 2026?,820,72,1600,1,heavy,medium,n,1,"Bing-medicaid-income-limits-10631-broad,BUSA-overlap-shopping-intent-split",n,n,qa-coverage,
how-to-keep-medicaid-when-income-increases,How to Keep Medicaid When Income Increases in 2026? (Transitional Medicaid),420,36,720,2,slight,low,n,3,"BUSA-medicaid-working-overlap,sibling-of-can-i-keep-medicaid",n,n,qa-coverage,
is-medicare-part-b-mandatory,Is Medicare Part B Mandatory in 2026? (Late Enrollment Penalty),620,52,1100,1,none,medium,n,1,"Bing-what-is-medicare-part-b-7243-broad,CMS-Part-B-LEP-rule",n,n,qa-coverage,
do-i-need-medicare-if-i-have-employer-insurance,Do I Need Medicare If I Have Employer Insurance in 2026?,720,62,1300,1,none,medium,n,1,"CMS-creditable-coverage-rule",n,n,qa-coverage,
do-i-need-part-d-if-i-have-employer-drug-coverage,Do I Need Medicare Part D If I Have Employer Drug Coverage in 2026?,420,36,720,2,none,low,n,3,"CMS-Part-D-creditable-coverage-rule",n,n,qa-coverage,
what-happens-if-i-miss-medicare-enrollment,What Happens If I Miss My Medicare Enrollment Window in 2026?,580,48,950,1,none,medium,n,2,"CMS-IEP-GEP-rule",n,n,qa-coverage,
medicaid-vs-medicare-eligibility,Medicaid vs Medicare: Who Qualifies for Each in 2026?,1400,125,1900,1,slight,high,n,1,"Bing-what-is-medicaid-8794-broad,competitor-landscape-3-AARP-NCOA-coverage",n,n,qa-coverage,
do-i-qualify-medicaid-no-income,Do I Qualify for Medicaid With No Income in 2026?,920,82,1100,2,slight,medium,n,1,"Bing-qualify-for-medicaid-3191-broad,Bing-how-to-qualify-for-medicaid-1503,FANOUT-4.4-extension",n,n,qa-coverage,
chip-eligibility-by-state,CHIP Eligibility by State in 2026: Income Limits for Children (51-Fork),3200,290,2900,2,slight,medium,y,1,"CMS-CHIP-state-directory,critique-§2-additions,FANOUT-4.4-CHIP-variant",n,n,qa-state-eligibility,"NEW 51-fork per critique §2. BUSA overlap corrected heavy→slight (CHIP brand variants underserved by BUSA per §5). Per critique §6.7 — build here until CHIP-factory exists."
chip-eligibility-alabama,Do I Qualify for Alabama CHIP (ALL Kids) in 2026?,,,,2,slight,low,y,2,"allkids.dhr.alabama.gov,insurekidsnow,FANOUT-state-brand",n,n,qa-state-eligibility,"Per-state CHIP child of chip-eligibility-by-state."
chip-eligibility-california,Do I Qualify for California CHIP (Medi-Cal for Kids) in 2026?,,,,2,slight,medium,y,2,"dhcs.ca.gov,coveredca,insurekidsnow",n,n,qa-state-eligibility,"Per-state CHIP child."
chip-eligibility-florida,Do I Qualify for Florida CHIP (Florida KidCare) in 2026?,,,,2,slight,medium,y,2,"floridakidcare.org,insurekidsnow",n,n,qa-state-eligibility,"Per-state CHIP child. Strong brand variant (Florida KidCare)."
chip-eligibility-georgia,Do I Qualify for Georgia CHIP (PeachCare for Kids) in 2026?,,,,2,slight,medium,y,2,"peachcare.org,insurekidsnow",n,n,qa-state-eligibility,"Per-state CHIP child. Strong brand variant (PeachCare)."
chip-eligibility-new-york,Do I Qualify for NY Child Health Plus in 2026?,,,,2,slight,medium,y,2,"health.ny.gov,insurekidsnow",n,n,qa-state-eligibility,"Per-state CHIP child. Strong brand variant (Child Health Plus)."
chip-eligibility-texas,Do I Qualify for Texas CHIP in 2026?,,,,2,slight,medium,y,2,"chiptexas.gov,insurekidsnow",n,y,qa-state-eligibility,"Per-state CHIP child. Already-queued per B."
chip-eligibility-washington,Do I Qualify for Washington Apple Health for Kids in 2026?,,,,2,slight,low,y,2,"hca.wa.gov,insurekidsnow",n,n,qa-state-eligibility,"Per-state CHIP child. Apple Health for Kids brand."
chip-eligibility-illinois,Do I Qualify for Illinois All Kids CHIP in 2026?,,,,2,slight,low,y,2,"hfs.illinois.gov,insurekidsnow",n,n,qa-state-eligibility,"Per-state CHIP child."
medicare-savings-program-by-state,Medicare Savings Programs (QMB/SLMB/QI) by State 2026 (51-Fork),3000,270,2400,1,none,medium,y,1,"Bing-medicare-savings-program-7558-broad,Bing-qmb-13183-broad,CU-104-queued,critique-§2-additions",n,n,qa-state-eligibility,"NEW 51-fork per critique §2. State-MSP-expansion (CT/MN/ME/NY) above federal floors lives here per critique §3.3."
medicare-savings-program-alabama,Alabama Medicare Savings Programs (QMB/SLMB/QI) Eligibility 2026,,,,2,slight,low,y,2,"medicaid.alabama.gov,medicare.gov,kff",n,n,qa-state-eligibility,"Per-state MSP child."
medicare-savings-program-california,California Medicare Savings Programs (QMB/SLMB) Eligibility 2026,,,,2,slight,medium,y,2,"dhcs.ca.gov,medicare.gov,kff",n,n,qa-state-eligibility,"Per-state MSP child."
medicare-savings-program-connecticut,Connecticut Medicare Savings Programs Eligibility 2026 (State-Funded Expansion),,,,2,slight,medium,y,1,"portal.ct.gov,medicare.gov,kff,state-MSP-expansion",n,n,qa-state-eligibility,"Per-state MSP child. P1 due to CT state-funded MSP expansion (high-value angle)."
medicare-savings-program-florida,Florida Medicare Savings Programs (QMB/SLMB) Eligibility 2026,,,,2,slight,medium,y,2,"ahca.myflorida.com,medicare.gov,kff",n,n,qa-state-eligibility,"Per-state MSP child."
medicare-savings-program-maine,Maine Medicare Savings Programs Eligibility 2026 (State-Funded Expansion),,,,2,slight,low,y,1,"maine.gov/dhhs,medicare.gov,kff,state-MSP-expansion",n,n,qa-state-eligibility,"Per-state MSP child. P1 due to ME state-funded MSP expansion."
medicare-savings-program-minnesota,Minnesota Medicare Savings Programs Eligibility 2026 (State-Funded Expansion),,,,2,slight,medium,y,1,"mn.gov/dhs,medicare.gov,kff,state-MSP-expansion",n,n,qa-state-eligibility,"Per-state MSP child. P1 due to MN state-funded MSP expansion."
medicare-savings-program-new-york,New York Medicare Savings Programs Eligibility 2026 (State-Funded Expansion),,,,2,slight,medium,y,1,"health.ny.gov,medicare.gov,kff,state-MSP-expansion",n,n,qa-state-eligibility,"Per-state MSP child. P1 due to NY state-funded MSP expansion above federal floors."
medicare-savings-program-texas,Texas Medicare Savings Programs Eligibility 2026,,,,2,slight,medium,y,2,"hhs.texas.gov,medicare.gov,kff",n,n,qa-state-eligibility,"Per-state MSP child."
state-pharmaceutical-assistance-programs,State Pharmaceutical Assistance Programs (SPAPs) by State 2026,2200,196,1800,1,none,low,y,1,"medicare.gov-spap-directory,critique-§3-additions",n,n,qa-state-eligibility,"NEW per critique §3. ~20 states run SPAPs (NY EPIC, NJ PAAD, PA PACE/PACENET, MA Prescription Advantage). BUSA doesn't cover."
state-spap-new-york-epic,New York EPIC (Senior Drug Coverage): Eligibility & Benefits 2026,520,45,820,2,none,low,y,1,"health.ny.gov/health_care/epic,critique-§3",n,n,qa-state-eligibility,"Per-state SPAP brand page."
state-spap-new-jersey-paad,New Jersey PAAD: Pharmaceutical Assistance Eligibility 2026,420,36,620,2,none,low,y,1,"nj.gov/humanservices/paad,critique-§3",n,n,qa-state-eligibility,"Per-state SPAP brand page."
state-spap-pennsylvania-pace,Pennsylvania PACE/PACENET: Eligibility & Benefits 2026,520,45,820,2,none,low,y,1,"aging.pa.gov/pace,critique-§3",n,n,qa-state-eligibility,"Per-state SPAP brand page."
state-spap-massachusetts-prescription-advantage,Massachusetts Prescription Advantage: Eligibility & Benefits 2026,320,28,420,2,none,low,y,1,"mass.gov/prescription-advantage,critique-§3",n,n,qa-state-eligibility,"Per-state SPAP brand page."
medicaid-immigrant-coverage-by-state,Medicaid Coverage for Immigrants by State 2026 (CA/NY/IL/MA/OR/WA Expansion),1400,125,1200,1,slight,medium,y,1,"medicaid.gov,nilc,kff,critique-§2-§3-additions",n,n,qa-state-eligibility,"NEW per critique §2/§3. CA/NY/IL/MA/OR/WA full undocumented expansion is politically hot 2026."
medicaid-immigrant-eligibility,Can Immigrants Get Medicaid in 2026? (Five-Year Bar + State Options),920,82,1300,1,slight,medium,n,1,"medicaid.gov,nilc,kff",n,n,qa-state-eligibility,"National Q&A companion (priority adjudicated B wins per critique §6.8)."
state-medicaid-undocumented,Emergency Medicaid for Undocumented Immigrants by State 2026,720,62,1000,2,slight,low,y,1,"Bing-emergency-medicaid-related,KFF-state-immigrant-medicaid-tracker,critique-§3-priority-bump",n,n,qa-state-eligibility,"Priority bumped from P3 to P1 per critique §3.1."
pregnancy-medicaid-by-state,Pregnancy Medicaid Eligibility by State 2026: Income Limits & Coverage,1400,125,1200,1,slight,medium,y,1,"medicaid.gov,cms,kff,march-of-dimes,critique-§3-additions",n,n,qa-state-eligibility,"NEW 51-fork per critique §3. National = pregnancy coverage Q&A; state-fork = income-cliff variation (200%+ FPL states)."
state-medicaid-pregnant-women,Per-State Pregnancy Medicaid Income Limits 2026 (200%+ FPL Variation),780,68,900,2,slight,medium,y,2,"Bing-medicaid-pregnant-related,CU-023-overlap-but-state-fork-valid",n,n,qa-state-eligibility,"State-fork variant. Companion to pregnancy-medicaid-by-state national page."
medicaid-retroactive-eligibility-by-state,Medicaid Retroactive Eligibility (3-Month Look-Back) by State 2026,820,72,720,2,none,low,y,1,"medicaid.gov,kff,critique-§3-additions",n,n,qa-state-eligibility,"NEW per critique §3. Some states have eliminated this benefit. High-intent for big-medical-bills surface."
state-continuous-eligibility-kids,State Continuous Eligibility for Children's Medicaid/CHIP 2026 (12 vs 24 Months),620,52,580,2,none,low,y,2,"medicaid.gov,cms-2024-final-rule,critique-§3-additions",n,n,qa-state-eligibility,"NEW per critique §3. Varies materially after CMS 2024 final rule."
state-medicaid-asset-limits,Medicaid Asset Limits by State 2026 (Umbrella + Top States),1100,98,1100,2,slight,medium,n,2,"Bing-medicaid-asset-limit-related,critique-§6.9-adjudicated-umbrella+5-7-states",n,n,qa-state-eligibility,"Per critique §6.9 — build umbrella + 5-7 high-pop state forks, NOT 51."
medicaid-asset-limits-elderly,Medicaid Asset Limits for Seniors 2026: How Much Can I Have?,820,72,820,2,none,medium,n,2,"medicaid.gov,aarp,kff",n,n,qa-state-eligibility,"National Q&A. Companion to state-fork asset-limits page."
medicaid-spend-down-eligibility,How Does Medicaid Spend-Down Work in 2026?,720,62,820,2,none,medium,n,2,"medicaid.gov,elder-law,kff",n,n,qa-state-eligibility,
medicaid-look-back-period,What Is the Medicaid 5-Year Look-Back Period in 2026?,820,72,920,2,none,medium,n,2,"medicaid.gov,elder-law-answers,aarp",n,n,qa-state-eligibility,
medicaid-long-term-care-eligibility,Do I Qualify for Medicaid Long-Term Care in 2026? (Nursing Home + HCBS),920,82,1200,1,slight,medium,n,1,"medicaid.gov,kff,aarp",n,n,qa-state-eligibility,
state-medicaid-seniors,Medicaid for Seniors by State 2026: Income Limits and Long-Term Care,950,85,1100,2,slight,medium,y,2,"BUSA-benefits-for-seniors-overlap-app-intent,FANOUT-4.4",n,n,qa-state-eligibility,"State-fork — long-term care varies by state."
state-medicaid-disabled,Medicaid for People with Disabilities by State 2026,720,62,840,2,slight,low,y,2,"competitor-CMS-state-Medicaid-directory,Bing-medicaid-eligibility-related",n,n,qa-state-eligibility,
state-medicaid-working-people,Medicaid Buy-In for Working Disabled by State 2026,420,36,480,3,none,low,y,2,"competitor-CMS-MBI-state-directory",n,n,qa-state-eligibility,
state-medicaid-after-job-loss,Can I Get Medicaid After Losing My Job in 2026? (By State),620,52,780,2,slight,low,y,2,"Bing-job-loss-medicaid,event-overlap-but-state-fork",n,n,qa-state-eligibility,
state-medicaid-expansion-status,Is Medicaid Expanded in My State in 2026? (Non-Expansion State Map),900,80,1200,1,none,medium,y,1,"KFF-Medicaid-expansion-tracker,FANOUT-4.4-expansion-status-shape",n,n,qa-state-eligibility,
can-i-get-medicaid-with-job,Can You Get Medicaid If You Have a Job in 2026?,820,72,1100,1,heavy,medium,n,1,"medicaid.gov,kff",n,y,qa-state-eligibility,"Already-queued in BUSA universe per B."
aca-marketplace-subsidy-eligibility-2026,Do I Qualify for ACA Marketplace Subsidies in 2026? Income Limits Explained,2400,210,2200,2,heavy,high,n,1,"Bing-marketplace-8720k-broad,BUSA-state-aca-eligibility-overlap-confirmed,healthcare.gov,kff",n,n,qa-state-eligibility,"National Q&A only. Skip state-fork (BUSA owns state-ACA eligibility per critique §5)."
extra-help-eligibility-2026,Do I Qualify for Medicare Extra Help (LIS) in 2026?,3500,313,2400,1,slight,medium,n,1,"Bing-extra-help-21942-broad-1939-strict,Bing-medicare-extra-help-6989-broad,CU-120-overlap,critique-§4-bump",n,n,qa-state-eligibility,"Slug from B (year-anchored per critique §6.6). Demand bumped from 820 to 3500 per critique §4."
medicare-part-d-eligibility,Who Qualifies for Medicare Part D in 2026?,720,62,1100,1,none,medium,n,2,"medicare.gov,cms,kff",n,n,qa-state-eligibility,
catastrophic-health-plan-eligibility,Do I Qualify for a Catastrophic Health Plan in 2026? (Under-30 + Hardship),520,45,820,2,none,low,n,2,"healthcare.gov,kff",n,n,qa-state-eligibility,
short-term-health-insurance-eligibility,Can I Get Short-Term Health Insurance in 2026? (State Rules),620,52,920,2,none,low,y,2,"kff,healthcare.gov,naic",n,n,qa-state-eligibility,
medicaid-vs-medicare-savings-program,Medicaid vs Medicare Savings Programs: Which Should I Apply For in 2026?,520,45,820,2,none,low,n,2,"medicare.gov,medicaid.gov,kff",n,n,qa-state-eligibility,
dental-coverage-by-state-medicaid,Adult Dental Medicaid Coverage by State 2026 (Full Comparison),920,82,1100,2,slight,medium,y,1,"medicaid.gov,cms,kff",n,n,qa-state-eligibility,
abortion-coverage-medicaid-by-state,Medicaid Abortion Coverage by State 2026: Where It's Covered,820,72,1100,1,none,medium,y,1,"kff,guttmacher",n,n,qa-state-eligibility,
gender-affirming-care-medicaid-by-state,Gender-Affirming Care Medicaid Coverage by State 2026,820,72,1100,1,none,medium,y,1,"kff,hrc,movement-advancement-project",n,n,qa-state-eligibility,
ivf-coverage-by-state-2026,IVF Insurance Coverage by State 2026: Mandate Map,720,62,920,2,none,medium,y,2,"resolve.org,naic,kff",n,n,qa-state-eligibility,
