sheet_row,sheet_id,sheet_title,sheet_status,sheet_priority,classification,matched_template,matched_slug,recommended_action,confidence,notes
2,CU-001,How to Apply for Medicaid in 2026: Step-by-Step Guide,Ready,2,KEEP_AS_BLOG,,,"KEEP IN SHEET — narrative/news-cycle/listicle shape, not template-shape",0.80,Blog-shape title (narrative/listicle/hospital-specific/news angle)
3,CU-002,Medicaid Application Guide 2026: Everything You Need to Know,Low Priority,3,KEEP_AS_BLOG,,,"KEEP IN SHEET — narrative/news-cycle/listicle shape, not template-shape",0.80,Blog-shape title (narrative/listicle/hospital-specific/news angle)
6,CU-005,CHIP Eligibility Requirements 2026: Does Your Child Qualify?,Low Priority,3,REVIEW_NEEDED,qa,chip-eligibility-new-york,Review: looks like qa but jaccard only 0.63. Could keep as blog OR migrate.,0.63,Ambiguous match; needs human eyes
10,CU-009,Health Insurance Options When You Are Unemployed in 2026,Ready,2,REVIEW_NEEDED,persona,freelancers,Review: looks like persona but jaccard only 0.50. Could keep as blog OR migrate.,0.50,Ambiguous match; needs human eyes
11,CU-010,Health Insurance for College Students: Cheapest 2026 Options,Ready,2,REVIEW_NEEDED,event,graduated-college,Review: looks like event but jaccard only 0.56. Could keep as blog OR migrate.,0.56,Ambiguous match; needs human eyes
12,CU-011,Best Health Insurance for Self-Employed Workers in 2026,Ready,2,DROP_DUPE_EXISTING_PAGE,persona,self-employed,DELETE FROM SHEET (already shipped),0.90,Duplicates live persona page /self-employed (concept match)
13,CU-012,Medicaid Expansion States 2026: Full List and Coverage Details,Ready,2,KEEP_AS_BLOG_NO_TEMPLATE_MATCH,,,"KEEP IN SHEET — no template match, treat as blog",0.50,No template match found
14,CU-013,Medicare Enrollment Periods Explained: Deadlines and Penalties,Ready,2,KEEP_AS_BLOG_NO_TEMPLATE_MATCH,,,"KEEP IN SHEET — no template match, treat as blog",0.50,No template match found
16,CU-015,VA Healthcare Eligibility Requirements 2026: Who Qualifies?,Ready,2,KEEP_AS_BLOG,,,"KEEP IN SHEET — narrative/news-cycle/listicle shape, not template-shape",0.80,Blog-shape title (narrative/listicle/hospital-specific/news angle)
17,CU-016,Medicaid Income Limits by State 2026: Complete Chart,Ready,2,REVIEW_NEEDED,event,medicaid-pregnant-women-2026,Review: looks like event but jaccard only 0.56. Could keep as blog OR migrate.,0.56,Ambiguous match; needs human eyes
20,CU-019,Cheapest Health Insurance Options in 2026,Ready,2,REVIEW_NEEDED,persona,freelancers,Review: looks like persona but jaccard only 0.50. Could keep as blog OR migrate.,0.50,Ambiguous match; needs human eyes
23,CU-022,Health Insurance Between Jobs: Your Best Options in 2026,Ready,2,REVIEW_NEEDED,event,switching-jobs,Review: looks like event but jaccard only 0.56. Could keep as blog OR migrate.,0.56,Ambiguous match; needs human eyes
24,CU-023,Medicaid for Pregnant Women: 2026 Income Limits by State,Ready,2,MIGRATE_TO_TEMPLATE,event,medicaid-pregnant-women-2026,Migrate to event template; delete from Sheet so blog-cron doesn't write it as a blog.,0.88,Strong match to event topic 'medicaid-pregnant-women-2026' (jaccard 0.88)
25,CU-024,CHIP vs Medicaid: What's the Difference for Children?,Low Priority,3,KEEP_AS_BLOG_NO_TEMPLATE_MATCH,,,"KEEP IN SHEET — no template match, treat as blog",0.50,No template match found
26,CU-025,Medicare Advantage vs Original Medicare: Pros and Cons 2026,Ready,2,REVIEW_NEEDED,qa,medicare-advantage-vs-original-medicare,Review: looks like qa but jaccard only 0.50. Could keep as blog OR migrate.,0.50,Ambiguous match; needs human eyes
27,CU-026,How Much Does Medicaid Cost Per Month? Premiums and Copays,Low Priority,3,KEEP_AS_BLOG_NO_TEMPLATE_MATCH,,,"KEEP IN SHEET — no template match, treat as blog",0.50,No template match found
28,CU-027,Texas Medicaid Income Limits 2026: Full Eligibility Guide,Ready,2,MIGRATE_TO_TEMPLATE,track-d,medicaid-eligibility-texas,Track D /medicaid-income-limits/texas owns this. Delete from Sheet to avoid blog-cron writing it.,0.92,State-Medicaid eligibility/income/apply/CHIP intent for TX. Belongs to Track D Medicaid factory.
29,CU-028,How to Apply for Medicaid in Texas (2026),Ready,2,MIGRATE_TO_TEMPLATE,track-d,medicaid-eligibility-texas,Track D /medicaid-income-limits/texas owns this. Delete from Sheet to avoid blog-cron writing it.,0.92,State-Medicaid eligibility/income/apply/CHIP intent for TX. Belongs to Track D Medicaid factory.
30,CU-029,"Texas ACA Marketplace Plans 2026: Costs, Subsidies and Enrollment",Ready,2,KEEP_AS_BLOG_NO_TEMPLATE_MATCH,,,KEEP IN SHEET — no per-state ACA template exists yet (potential future template; not in 7-template universe),0.85,State-ACA marketplace topic — no current template (could be future ma-state-adjacent ACA fork)
31,CU-030,Free Health Insurance in Texas 2026: Medicaid and CHIP Options,Ready,2,MIGRATE_TO_TEMPLATE,track-d,medicaid-eligibility-texas,Track D /medicaid-income-limits/texas owns this. Delete from Sheet to avoid blog-cron writing it.,0.92,State-Medicaid eligibility/income/apply/CHIP intent for TX. Belongs to Track D Medicaid factory.
32,CU-031,Texas CHIP Eligibility 2026: Income Limits and How to Enroll,Ready,2,MIGRATE_TO_TEMPLATE,track-d,medicaid-eligibility-texas,Track D /medicaid-income-limits/texas owns this. Delete from Sheet to avoid blog-cron writing it.,0.92,State-Medicaid eligibility/income/apply/CHIP intent for TX. Belongs to Track D Medicaid factory.
33,CU-032,Florida Medicaid Income Limits 2026: Full Eligibility Guide,Ready,2,MIGRATE_TO_TEMPLATE,track-d,medicaid-eligibility-florida,Track D /medicaid-income-limits/florida owns this. Delete from Sheet to avoid blog-cron writing it.,0.92,State-Medicaid eligibility/income/apply/CHIP intent for FL. Belongs to Track D Medicaid factory.
34,CU-033,How to Apply for Medicaid in Florida (2026),Ready,2,MIGRATE_TO_TEMPLATE,track-d,medicaid-eligibility-florida,Track D /medicaid-income-limits/florida owns this. Delete from Sheet to avoid blog-cron writing it.,0.92,State-Medicaid eligibility/income/apply/CHIP intent for FL. Belongs to Track D Medicaid factory.
35,CU-034,"Florida ACA Marketplace Plans 2026: Costs, Subsidies and Enrollment",Ready,2,KEEP_AS_BLOG_NO_TEMPLATE_MATCH,,,KEEP IN SHEET — no per-state ACA template exists yet (potential future template; not in 7-template universe),0.85,State-ACA marketplace topic — no current template (could be future ma-state-adjacent ACA fork)
36,CU-035,Free Health Insurance in Florida 2026: Medicaid and CHIP Options,Ready,2,MIGRATE_TO_TEMPLATE,track-d,medicaid-eligibility-florida,Track D /medicaid-income-limits/florida owns this. Delete from Sheet to avoid blog-cron writing it.,0.92,State-Medicaid eligibility/income/apply/CHIP intent for FL. Belongs to Track D Medicaid factory.
37,CU-036,Florida CHIP Eligibility 2026: Income Limits and How to Enroll,Ready,2,MIGRATE_TO_TEMPLATE,track-d,medicaid-eligibility-florida,Track D /medicaid-income-limits/florida owns this. Delete from Sheet to avoid blog-cron writing it.,0.92,State-Medicaid eligibility/income/apply/CHIP intent for FL. Belongs to Track D Medicaid factory.
38,CU-037,Georgia Medicaid Income Limits 2026: Full Eligibility Guide,Ready,2,MIGRATE_TO_TEMPLATE,track-d,medicaid-eligibility-georgia,Track D /medicaid-income-limits/georgia owns this. Delete from Sheet to avoid blog-cron writing it.,0.92,State-Medicaid eligibility/income/apply/CHIP intent for GA. Belongs to Track D Medicaid factory.
39,CU-038,How to Apply for Medicaid in Georgia (2026),Ready,2,MIGRATE_TO_TEMPLATE,track-d,medicaid-eligibility-georgia,Track D /medicaid-income-limits/georgia owns this. Delete from Sheet to avoid blog-cron writing it.,0.92,State-Medicaid eligibility/income/apply/CHIP intent for GA. Belongs to Track D Medicaid factory.
40,CU-039,"Georgia ACA Marketplace Plans 2026: Costs, Subsidies and Enrollment",Ready,2,KEEP_AS_BLOG_NO_TEMPLATE_MATCH,,,KEEP IN SHEET — no per-state ACA template exists yet (potential future template; not in 7-template universe),0.85,State-ACA marketplace topic — no current template (could be future ma-state-adjacent ACA fork)
41,CU-040,Free Health Insurance in Georgia 2026: Medicaid and CHIP Options,Ready,2,MIGRATE_TO_TEMPLATE,track-d,medicaid-eligibility-georgia,Track D /medicaid-income-limits/georgia owns this. Delete from Sheet to avoid blog-cron writing it.,0.92,State-Medicaid eligibility/income/apply/CHIP intent for GA. Belongs to Track D Medicaid factory.
42,CU-041,Georgia CHIP Eligibility 2026: Income Limits and How to Enroll,Ready,2,MIGRATE_TO_TEMPLATE,track-d,medicaid-eligibility-georgia,Track D /medicaid-income-limits/georgia owns this. Delete from Sheet to avoid blog-cron writing it.,0.92,State-Medicaid eligibility/income/apply/CHIP intent for GA. Belongs to Track D Medicaid factory.
43,CU-042,North Carolina Medicaid Income Limits 2026: Full Eligibility Guide,Ready,2,MIGRATE_TO_TEMPLATE,track-d,medicaid-eligibility-north-carolina,Track D /medicaid-income-limits/north-carolina owns this. Delete from Sheet to avoid blog-cron writing it.,0.92,State-Medicaid eligibility/income/apply/CHIP intent for NC. Belongs to Track D Medicaid factory.
44,CU-043,How to Apply for Medicaid in North Carolina (2026),Ready,2,MIGRATE_TO_TEMPLATE,track-d,medicaid-eligibility-north-carolina,Track D /medicaid-income-limits/north-carolina owns this. Delete from Sheet to avoid blog-cron writing it.,0.92,State-Medicaid eligibility/income/apply/CHIP intent for NC. Belongs to Track D Medicaid factory.
45,CU-044,"North Carolina ACA Marketplace Plans 2026: Costs, Subsidies and Enrollment",Ready,2,KEEP_AS_BLOG_NO_TEMPLATE_MATCH,,,KEEP IN SHEET — no per-state ACA template exists yet (potential future template; not in 7-template universe),0.85,State-ACA marketplace topic — no current template (could be future ma-state-adjacent ACA fork)
46,CU-045,Free Health Insurance in North Carolina 2026: Medicaid and CHIP Options,Ready,2,MIGRATE_TO_TEMPLATE,track-d,medicaid-eligibility-north-carolina,Track D /medicaid-income-limits/north-carolina owns this. Delete from Sheet to avoid blog-cron writing it.,0.92,State-Medicaid eligibility/income/apply/CHIP intent for NC. Belongs to Track D Medicaid factory.
47,CU-046,North Carolina CHIP Eligibility 2026: Income Limits and How to Enroll,Ready,2,MIGRATE_TO_TEMPLATE,track-d,medicaid-eligibility-north-carolina,Track D /medicaid-income-limits/north-carolina owns this. Delete from Sheet to avoid blog-cron writing it.,0.92,State-Medicaid eligibility/income/apply/CHIP intent for NC. Belongs to Track D Medicaid factory.
48,CU-047,California Medicaid Income Limits 2026: Full Eligibility Guide,Ready,2,MIGRATE_TO_TEMPLATE,track-d,medicaid-eligibility-california,Track D /medicaid-income-limits/california owns this. Delete from Sheet to avoid blog-cron writing it.,0.92,State-Medicaid eligibility/income/apply/CHIP intent for CA. Belongs to Track D Medicaid factory.
49,CU-048,How to Apply for Medicaid in California (2026),Ready,2,MIGRATE_TO_TEMPLATE,track-d,medicaid-eligibility-california,Track D /medicaid-income-limits/california owns this. Delete from Sheet to avoid blog-cron writing it.,0.92,State-Medicaid eligibility/income/apply/CHIP intent for CA. Belongs to Track D Medicaid factory.
50,CU-049,"California ACA Marketplace Plans 2026: Costs, Subsidies and Enrollment",Ready,2,KEEP_AS_BLOG_NO_TEMPLATE_MATCH,,,KEEP IN SHEET — no per-state ACA template exists yet (potential future template; not in 7-template universe),0.85,State-ACA marketplace topic — no current template (could be future ma-state-adjacent ACA fork)
51,CU-050,Free Health Insurance in California 2026: Medicaid and CHIP Options,Ready,2,MIGRATE_TO_TEMPLATE,track-d,medicaid-eligibility-california,Track D /medicaid-income-limits/california owns this. Delete from Sheet to avoid blog-cron writing it.,0.92,State-Medicaid eligibility/income/apply/CHIP intent for CA. Belongs to Track D Medicaid factory.
52,CU-051,California CHIP Eligibility 2026: Income Limits and How to Enroll,Ready,2,MIGRATE_TO_TEMPLATE,track-d,medicaid-eligibility-california,Track D /medicaid-income-limits/california owns this. Delete from Sheet to avoid blog-cron writing it.,0.92,State-Medicaid eligibility/income/apply/CHIP intent for CA. Belongs to Track D Medicaid factory.
53,CU-052,Arizona Medicaid Income Limits 2026: Full Eligibility Guide,Ready,3,MIGRATE_TO_TEMPLATE,track-d,medicaid-eligibility-arizona,Track D /medicaid-income-limits/arizona owns this. Delete from Sheet to avoid blog-cron writing it.,0.92,State-Medicaid eligibility/income/apply/CHIP intent for AZ. Belongs to Track D Medicaid factory.
54,CU-053,How to Apply for Medicaid in Arizona (2026),Ready,3,MIGRATE_TO_TEMPLATE,track-d,medicaid-eligibility-arizona,Track D /medicaid-income-limits/arizona owns this. Delete from Sheet to avoid blog-cron writing it.,0.92,State-Medicaid eligibility/income/apply/CHIP intent for AZ. Belongs to Track D Medicaid factory.
55,CU-054,"Arizona ACA Marketplace Plans 2026: Costs, Subsidies and Enrollment",Ready,3,KEEP_AS_BLOG_NO_TEMPLATE_MATCH,,,KEEP IN SHEET — no per-state ACA template exists yet (potential future template; not in 7-template universe),0.85,State-ACA marketplace topic — no current template (could be future ma-state-adjacent ACA fork)
56,CU-055,Free Health Insurance in Arizona 2026: Medicaid and CHIP Options,Ready,3,MIGRATE_TO_TEMPLATE,track-d,medicaid-eligibility-arizona,Track D /medicaid-income-limits/arizona owns this. Delete from Sheet to avoid blog-cron writing it.,0.92,State-Medicaid eligibility/income/apply/CHIP intent for AZ. Belongs to Track D Medicaid factory.
57,CU-056,Arizona CHIP Eligibility 2026: Income Limits and How to Enroll,Ready,3,MIGRATE_TO_TEMPLATE,track-d,medicaid-eligibility-arizona,Track D /medicaid-income-limits/arizona owns this. Delete from Sheet to avoid blog-cron writing it.,0.92,State-Medicaid eligibility/income/apply/CHIP intent for AZ. Belongs to Track D Medicaid factory.
58,CU-057,Nevada Medicaid Income Limits 2026: Full Eligibility Guide,Ready,3,MIGRATE_TO_TEMPLATE,track-d,medicaid-eligibility-nevada,Track D /medicaid-income-limits/nevada owns this. Delete from Sheet to avoid blog-cron writing it.,0.92,State-Medicaid eligibility/income/apply/CHIP intent for NV. Belongs to Track D Medicaid factory.
59,CU-058,How to Apply for Medicaid in Nevada (2026),Ready,3,MIGRATE_TO_TEMPLATE,track-d,medicaid-eligibility-nevada,Track D /medicaid-income-limits/nevada owns this. Delete from Sheet to avoid blog-cron writing it.,0.92,State-Medicaid eligibility/income/apply/CHIP intent for NV. Belongs to Track D Medicaid factory.
60,CU-059,"Nevada ACA Marketplace Plans 2026: Costs, Subsidies and Enrollment",Ready,3,KEEP_AS_BLOG_NO_TEMPLATE_MATCH,,,KEEP IN SHEET — no per-state ACA template exists yet (potential future template; not in 7-template universe),0.85,State-ACA marketplace topic — no current template (could be future ma-state-adjacent ACA fork)
61,CU-060,Free Health Insurance in Nevada 2026: Medicaid and CHIP Options,Ready,3,MIGRATE_TO_TEMPLATE,track-d,medicaid-eligibility-nevada,Track D /medicaid-income-limits/nevada owns this. Delete from Sheet to avoid blog-cron writing it.,0.92,State-Medicaid eligibility/income/apply/CHIP intent for NV. Belongs to Track D Medicaid factory.
62,CU-061,Nevada CHIP Eligibility 2026: Income Limits and How to Enroll,Ready,3,MIGRATE_TO_TEMPLATE,track-d,medicaid-eligibility-nevada,Track D /medicaid-income-limits/nevada owns this. Delete from Sheet to avoid blog-cron writing it.,0.92,State-Medicaid eligibility/income/apply/CHIP intent for NV. Belongs to Track D Medicaid factory.
63,CU-062,Ohio Medicaid Income Limits 2026: Full Eligibility Guide,Ready,3,MIGRATE_TO_TEMPLATE,track-d,medicaid-eligibility-ohio,Track D /medicaid-income-limits/ohio owns this. Delete from Sheet to avoid blog-cron writing it.,0.92,State-Medicaid eligibility/income/apply/CHIP intent for OH. Belongs to Track D Medicaid factory.
64,CU-063,How to Apply for Medicaid in Ohio (2026),Ready,3,MIGRATE_TO_TEMPLATE,track-d,medicaid-eligibility-ohio,Track D /medicaid-income-limits/ohio owns this. Delete from Sheet to avoid blog-cron writing it.,0.92,State-Medicaid eligibility/income/apply/CHIP intent for OH. Belongs to Track D Medicaid factory.
65,CU-064,"Ohio ACA Marketplace Plans 2026: Costs, Subsidies and Enrollment",Ready,3,KEEP_AS_BLOG_NO_TEMPLATE_MATCH,,,KEEP IN SHEET — no per-state ACA template exists yet (potential future template; not in 7-template universe),0.85,State-ACA marketplace topic — no current template (could be future ma-state-adjacent ACA fork)
66,CU-065,Free Health Insurance in Ohio 2026: Medicaid and CHIP Options,Ready,3,MIGRATE_TO_TEMPLATE,track-d,medicaid-eligibility-ohio,Track D /medicaid-income-limits/ohio owns this. Delete from Sheet to avoid blog-cron writing it.,0.92,State-Medicaid eligibility/income/apply/CHIP intent for OH. Belongs to Track D Medicaid factory.
67,CU-066,Ohio CHIP Eligibility 2026: Income Limits and How to Enroll,Ready,3,MIGRATE_TO_TEMPLATE,track-d,medicaid-eligibility-ohio,Track D /medicaid-income-limits/ohio owns this. Delete from Sheet to avoid blog-cron writing it.,0.92,State-Medicaid eligibility/income/apply/CHIP intent for OH. Belongs to Track D Medicaid factory.
68,CU-067,Pennsylvania Medicaid Income Limits 2026: Full Eligibility Guide,Ready,3,MIGRATE_TO_TEMPLATE,track-d,medicaid-eligibility-pennsylvania,Track D /medicaid-income-limits/pennsylvania owns this. Delete from Sheet to avoid blog-cron writing it.,0.92,State-Medicaid eligibility/income/apply/CHIP intent for PA. Belongs to Track D Medicaid factory.
69,CU-068,How to Apply for Medicaid in Pennsylvania (2026),Ready,3,MIGRATE_TO_TEMPLATE,track-d,medicaid-eligibility-pennsylvania,Track D /medicaid-income-limits/pennsylvania owns this. Delete from Sheet to avoid blog-cron writing it.,0.92,State-Medicaid eligibility/income/apply/CHIP intent for PA. Belongs to Track D Medicaid factory.
70,CU-069,"Pennsylvania ACA Marketplace Plans 2026: Costs, Subsidies and Enrollment",Ready,3,KEEP_AS_BLOG_NO_TEMPLATE_MATCH,,,KEEP IN SHEET — no per-state ACA template exists yet (potential future template; not in 7-template universe),0.85,State-ACA marketplace topic — no current template (could be future ma-state-adjacent ACA fork)
71,CU-070,Free Health Insurance in Pennsylvania 2026: Medicaid and CHIP Options,Ready,3,MIGRATE_TO_TEMPLATE,track-d,medicaid-eligibility-pennsylvania,Track D /medicaid-income-limits/pennsylvania owns this. Delete from Sheet to avoid blog-cron writing it.,0.92,State-Medicaid eligibility/income/apply/CHIP intent for PA. Belongs to Track D Medicaid factory.
72,CU-071,Pennsylvania CHIP Eligibility 2026: Income Limits and How to Enroll,Ready,3,MIGRATE_TO_TEMPLATE,track-d,medicaid-eligibility-pennsylvania,Track D /medicaid-income-limits/pennsylvania owns this. Delete from Sheet to avoid blog-cron writing it.,0.92,State-Medicaid eligibility/income/apply/CHIP intent for PA. Belongs to Track D Medicaid factory.
73,CU-072,New York Medicaid Income Limits 2026: Full Eligibility Guide,Ready,3,MIGRATE_TO_TEMPLATE,track-d,medicaid-eligibility-new-york,Track D /medicaid-income-limits/new-york owns this. Delete from Sheet to avoid blog-cron writing it.,0.92,State-Medicaid eligibility/income/apply/CHIP intent for NY. Belongs to Track D Medicaid factory.
74,CU-073,How to Apply for Medicaid in New York (2026),Ready,3,MIGRATE_TO_TEMPLATE,track-d,medicaid-eligibility-new-york,Track D /medicaid-income-limits/new-york owns this. Delete from Sheet to avoid blog-cron writing it.,0.92,State-Medicaid eligibility/income/apply/CHIP intent for NY. Belongs to Track D Medicaid factory.
75,CU-074,"New York ACA Marketplace Plans 2026: Costs, Subsidies and Enrollment",Ready,3,KEEP_AS_BLOG_NO_TEMPLATE_MATCH,,,KEEP IN SHEET — no per-state ACA template exists yet (potential future template; not in 7-template universe),0.85,State-ACA marketplace topic — no current template (could be future ma-state-adjacent ACA fork)
76,CU-075,Free Health Insurance in New York 2026: Medicaid and CHIP Options,Ready,3,MIGRATE_TO_TEMPLATE,track-d,medicaid-eligibility-new-york,Track D /medicaid-income-limits/new-york owns this. Delete from Sheet to avoid blog-cron writing it.,0.92,State-Medicaid eligibility/income/apply/CHIP intent for NY. Belongs to Track D Medicaid factory.
77,CU-076,New York CHIP Eligibility 2026: Income Limits and How to Enroll,Ready,3,MIGRATE_TO_TEMPLATE,track-d,medicaid-eligibility-new-york,Track D /medicaid-income-limits/new-york owns this. Delete from Sheet to avoid blog-cron writing it.,0.92,State-Medicaid eligibility/income/apply/CHIP intent for NY. Belongs to Track D Medicaid factory.
78,CU-077,Illinois Medicaid Income Limits 2026: Full Eligibility Guide,Ready,3,MIGRATE_TO_TEMPLATE,track-d,medicaid-eligibility-illinois,Track D /medicaid-income-limits/illinois owns this. Delete from Sheet to avoid blog-cron writing it.,0.92,State-Medicaid eligibility/income/apply/CHIP intent for IL. Belongs to Track D Medicaid factory.
79,CU-078,How to Apply for Medicaid in Illinois (2026),Ready,3,MIGRATE_TO_TEMPLATE,track-d,medicaid-eligibility-illinois,Track D /medicaid-income-limits/illinois owns this. Delete from Sheet to avoid blog-cron writing it.,0.92,State-Medicaid eligibility/income/apply/CHIP intent for IL. Belongs to Track D Medicaid factory.
80,CU-079,New Jersey Medicaid Income Limits 2026: Full Eligibility Guide,Ready,3,MIGRATE_TO_TEMPLATE,track-d,medicaid-eligibility-new-jersey,Track D /medicaid-income-limits/new-jersey owns this. Delete from Sheet to avoid blog-cron writing it.,0.92,State-Medicaid eligibility/income/apply/CHIP intent for NJ. Belongs to Track D Medicaid factory.
81,CU-080,How to Apply for Medicaid in New Jersey (2026),Ready,3,MIGRATE_TO_TEMPLATE,track-d,medicaid-eligibility-new-jersey,Track D /medicaid-income-limits/new-jersey owns this. Delete from Sheet to avoid blog-cron writing it.,0.92,State-Medicaid eligibility/income/apply/CHIP intent for NJ. Belongs to Track D Medicaid factory.
82,CU-081,Virginia Medicaid Income Limits 2026: Full Eligibility Guide,Ready,3,MIGRATE_TO_TEMPLATE,track-d,medicaid-eligibility-virginia,Track D /medicaid-income-limits/virginia owns this. Delete from Sheet to avoid blog-cron writing it.,0.92,State-Medicaid eligibility/income/apply/CHIP intent for VA. Belongs to Track D Medicaid factory.
83,CU-082,How to Apply for Medicaid in Virginia (2026),Ready,3,MIGRATE_TO_TEMPLATE,track-d,medicaid-eligibility-virginia,Track D /medicaid-income-limits/virginia owns this. Delete from Sheet to avoid blog-cron writing it.,0.92,State-Medicaid eligibility/income/apply/CHIP intent for VA. Belongs to Track D Medicaid factory.
84,CU-083,Washington Medicaid Income Limits 2026: Full Eligibility Guide,Ready,3,MIGRATE_TO_TEMPLATE,track-d,medicaid-eligibility-washington,Track D /medicaid-income-limits/washington owns this. Delete from Sheet to avoid blog-cron writing it.,0.92,State-Medicaid eligibility/income/apply/CHIP intent for WA. Belongs to Track D Medicaid factory.
85,CU-084,How to Apply for Medicaid in Washington (2026),Ready,3,MIGRATE_TO_TEMPLATE,track-d,medicaid-eligibility-washington,Track D /medicaid-income-limits/washington owns this. Delete from Sheet to avoid blog-cron writing it.,0.92,State-Medicaid eligibility/income/apply/CHIP intent for WA. Belongs to Track D Medicaid factory.
86,CU-085,Colorado Medicaid Income Limits 2026: Full Eligibility Guide,Ready,3,MIGRATE_TO_TEMPLATE,track-d,medicaid-eligibility-colorado,Track D /medicaid-income-limits/colorado owns this. Delete from Sheet to avoid blog-cron writing it.,0.92,State-Medicaid eligibility/income/apply/CHIP intent for CO. Belongs to Track D Medicaid factory.
87,CU-086,How to Apply for Medicaid in Colorado (2026),Ready,3,MIGRATE_TO_TEMPLATE,track-d,medicaid-eligibility-colorado,Track D /medicaid-income-limits/colorado owns this. Delete from Sheet to avoid blog-cron writing it.,0.92,State-Medicaid eligibility/income/apply/CHIP intent for CO. Belongs to Track D Medicaid factory.
89,CU-088,What Is MAGI? How Modified Adjusted Gross Income Affects Your Healthcare,Low Priority,3,MIGRATE_TO_TEMPLATE,glossary,magi,"Glossary ""What is X"" form. Migrate to /glossary/magi.",0.63,Glossary single-term-definition shape; matched magi (jaccard 0.63)
93,CU-092,How to Apply for Medicaid Online in 2026 (Step by Step),Low Priority,3,KEEP_AS_BLOG,,,"KEEP IN SHEET — narrative/news-cycle/listicle shape, not template-shape",0.80,Blog-shape title (narrative/listicle/hospital-specific/news angle)
96,CU-095,2026 Medicaid Income Limits by State: Complete Guide,Ready,2,REVIEW_NEEDED,event,medicaid-pregnant-women-2026,Review: looks like event but jaccard only 0.63. Could keep as blog OR migrate.,0.63,Ambiguous match; needs human eyes
98,CU-097,Does Medicaid Count My Boyfriend's Income If We Live Together?,Low Priority,3,KEEP_AS_BLOG_NO_TEMPLATE_MATCH,,,"KEEP IN SHEET — no template match, treat as blog",0.50,No template match found
99,CU-098,How Gig Workers and Freelancers Qualify for Medicaid in 2026,Low Priority,3,DROP_DUPE_EXISTING_PAGE,persona,gig-workers,DELETE FROM SHEET (already shipped),0.90,Duplicates live persona page /gig-workers (concept match)
103,CU-102,2026 Medicaid Work Requirements: Who Must Comply and How,Low Priority,3,KEEP_AS_BLOG_NO_TEMPLATE_MATCH,,,"KEEP IN SHEET — no template match, treat as blog",0.50,No template match found
107,CU-106,Medicaid Asset Limits 2026: Which States Still Test Assets?,Low Priority,3,REVIEW_NEEDED,qa,state-medicaid-asset-limits,Review: looks like qa but jaccard only 0.56. Could keep as blog OR migrate.,0.56,Ambiguous match; needs human eyes
109,CU-108,"Florida Medicaid Eligibility 2026: Limits for Adults, Children, and Seniors",Ready,2,MIGRATE_TO_TEMPLATE,track-d,medicaid-eligibility-florida,Track D /medicaid-income-limits/florida owns this. Delete from Sheet to avoid blog-cron writing it.,0.92,State-Medicaid eligibility/income/apply/CHIP intent for FL. Belongs to Track D Medicaid factory.
110,CU-109,2026 California Medi-Cal Income Limits and New Asset Rules,Ready,2,MIGRATE_TO_TEMPLATE,track-d,medicaid-eligibility-california,Track D /medicaid-income-limits/california owns this. Delete from Sheet to avoid blog-cron writing it.,0.92,State-Medicaid eligibility/income/apply/CHIP intent for CA. Belongs to Track D Medicaid factory.
111,CU-110,Georgia Pathways to Coverage 2026: 80-Hour Work Rules Explained,Ready,2,KEEP_AS_BLOG_NO_TEMPLATE_MATCH,,,"KEEP IN SHEET — no template match, treat as blog",0.50,No template match found
112,CU-111,2026 North Carolina Medicaid Expansion: Do You Now Qualify?,Ready,2,MIGRATE_TO_TEMPLATE,track-d,medicaid-eligibility-north-carolina,Track D /medicaid-income-limits/north-carolina owns this. Delete from Sheet to avoid blog-cron writing it.,0.92,State-Medicaid eligibility/income/apply/CHIP intent for NC. Belongs to Track D Medicaid factory.
113,CU-112,No Health Insurance in Texas? Your Options in 2026,Ready,2,REVIEW_NEEDED,persona,freelancers,Review: looks like persona but jaccard only 0.50. Could keep as blog OR migrate.,0.50,Ambiguous match; needs human eyes
114,CU-113,Best ACA Health Insurance Plans in Florida for 2026,Ready,2,KEEP_AS_BLOG_NO_TEMPLATE_MATCH,,,KEEP IN SHEET — no per-state ACA template exists yet (potential future template; not in 7-template universe),0.85,State-ACA marketplace topic — no current template (could be future ma-state-adjacent ACA fork)
115,CU-114,The Medicaid Coverage Gap: Why Millions in Texas and Florida Have No Options,Ready,2,MIGRATE_TO_TEMPLATE,track-d,medicaid-eligibility-texas,Track D /medicaid-income-limits/texas owns this. Delete from Sheet to avoid blog-cron writing it.,0.92,State-Medicaid eligibility/income/apply/CHIP intent for TX. Belongs to Track D Medicaid factory.
116,CU-115,2026 Arizona AHCCCS (Medicaid) Income Limits and How to Apply,Ready,3,MIGRATE_TO_TEMPLATE,track-d,medicaid-eligibility-arizona,Track D /medicaid-income-limits/arizona owns this. Delete from Sheet to avoid blog-cron writing it.,0.92,State-Medicaid eligibility/income/apply/CHIP intent for AZ. Belongs to Track D Medicaid factory.
117,CU-116,"New York Essential Plan 2026: Free Coverage If You Earn Under ,000",Ready,3,KEEP_AS_BLOG_NO_TEMPLATE_MATCH,,,"KEEP IN SHEET — no template match, treat as blog",0.50,No template match found
123,CU-122,2026 CHIP Income Limits by State: Does Your Child Qualify?,Low Priority,3,REVIEW_NEEDED,track-d,state-chp-plus-income-limits,Review: looks like track-d but jaccard only 0.50. Could keep as blog OR migrate.,0.50,Ambiguous match; needs human eyes
124,CU-123,CHIP vs Medicaid: Which Does Your Child Qualify For?,Low Priority,3,KEEP_AS_BLOG_NO_TEMPLATE_MATCH,,,"KEEP IN SHEET — no template match, treat as blog",0.50,No template match found
125,CU-124,Can Mixed-Status Families Apply for CHIP Without Risk?,Low Priority,3,KEEP_AS_BLOG_NO_TEMPLATE_MATCH,,,"KEEP IN SHEET — no template match, treat as blog",0.50,No template match found
126,CU-125,CHIP and Joint Custody: Which Parent Should Apply?,Low Priority,3,KEEP_AS_BLOG_NO_TEMPLATE_MATCH,,,"KEEP IN SHEET — no template match, treat as blog",0.50,No template match found
127,CU-126,VA Healthcare Eligibility 2026: Who Qualifies and How to Enroll,Low Priority,3,KEEP_AS_BLOG,,,"KEEP IN SHEET — narrative/news-cycle/listicle shape, not template-shape",0.80,Blog-shape title (narrative/listicle/hospital-specific/news angle)
128,CU-127,2026 PACT Act Expansion: Which Veterans Are Now Eligible for VA Care?,Low Priority,3,KEEP_AS_BLOG_NO_TEMPLATE_MATCH,,,"KEEP IN SHEET — no template match, treat as blog",0.50,No template match found
129,CU-128,VA Healthcare Benefits by Disability Rating: 0% to 100% Compared,Low Priority,3,KEEP_AS_BLOG,,,"KEEP IN SHEET — narrative/news-cycle/listicle shape, not template-shape",0.80,Blog-shape title (narrative/listicle/hospital-specific/news angle)
130,CU-129,Can You Have VA Healthcare and Medicare at the Same Time?,Low Priority,3,KEEP_AS_BLOG,,,"KEEP IN SHEET — narrative/news-cycle/listicle shape, not template-shape",0.80,Blog-shape title (narrative/listicle/hospital-specific/news angle)
131,CU-130,Does VA Healthcare Cover Your Spouse and Dependents?,Low Priority,3,KEEP_AS_BLOG,,,"KEEP IN SHEET — narrative/news-cycle/listicle shape, not template-shape",0.80,Blog-shape title (narrative/listicle/hospital-specific/news angle)
133,CU-132,Medicaid Spend-Down: How the Medically Needy Qualify,Low Priority,3,KEEP_AS_BLOG_NO_TEMPLATE_MATCH,,,"KEEP IN SHEET — no template match, treat as blog",0.50,No template match found
134,CU-133,What Is a Miller Trust? How to Qualify for Nursing Home Medicaid Over the Income Limit,Low Priority,3,KEEP_AS_BLOG,,,"KEEP IN SHEET — narrative/news-cycle/listicle shape, not template-shape",0.80,Blog-shape title (narrative/listicle/hospital-specific/news angle)
135,CU-134,ACA Special Enrollment Period 2026: Who Qualifies and How to Apply,Held,1,MIGRATE_TO_TEMPLATE,event,special-enrollment-period-2026,Migrate to event template; delete from Sheet so blog-cron doesn't write it as a blog.,1.00,Strong match to event topic 'special-enrollment-period-2026' (jaccard 1.00)
136,CU-135,Will Medicaid Take My House? Estate Recovery Rules Explained,Low Priority,3,KEEP_AS_BLOG_NO_TEMPLATE_MATCH,,,"KEEP IN SHEET — no template match, treat as blog",0.50,No template match found
138,CU-137,Does Medicaid Use Gross or Net Income? MAGI Calculation Explained,Low Priority,3,KEEP_AS_BLOG_NO_TEMPLATE_MATCH,,,"KEEP IN SHEET — no template match, treat as blog",0.50,No template match found
142,CU-142,Does Medicaid Cover Dental Care? What You Need to Know in 2026,Held,1,MIGRATE_TO_TEMPLATE,qa,does-medicare-cover-dental,QA template (Does X cover Y form). Migrate to /qa/does-medicare-cover-dental.,0.57,QA-coverage shape; matched does-medicare-cover-dental (jaccard 0.57)
143,CU-143,Does Medicaid Cover Eye Exams and Glasses in 2026?,Low Priority,3,MIGRATE_TO_TEMPLATE,qa,does-medicaid-cover-vision,QA template (Does X cover Y form). Migrate to /qa/does-medicaid-cover-vision.,0.63,QA-coverage shape; matched does-medicaid-cover-vision (jaccard 0.63)
144,CU-144,Does Medicaid Cover Therapy and Mental Health Services?,Low Priority,3,MIGRATE_TO_TEMPLATE,qa,does-medicaid-cover-mental-health,QA template (Does X cover Y form). Migrate to /qa/does-medicaid-cover-mental-health.,0.50,QA-coverage shape; matched does-medicaid-cover-mental-health (jaccard 0.50)
145,CU-145,Does Medicaid Cover Prescription Drugs? A Complete Guide,Low Priority,3,MIGRATE_TO_TEMPLATE,qa,does-medicaid-cover-prescription-drugs,Migrate to qa template; delete from Sheet so blog-cron doesn't write it as a blog.,0.80,Strong match to qa topic 'does-medicaid-cover-prescription-drugs' (jaccard 0.80)
146,CU-146,Does Medicaid Cover Surgery? What Procedures Are Included,Low Priority,3,MIGRATE_TO_TEMPLATE,qa,does-medicaid-cover-top-surgery,QA template (Does X cover Y form). Migrate to /qa/does-medicaid-cover-top-surgery.,0.50,QA-coverage shape; matched does-medicaid-cover-top-surgery (jaccard 0.50)
147,CU-147,How Much Does Health Insurance Cost Per Month in 2026?,Low Priority,3,KEEP_AS_BLOG_NO_TEMPLATE_MATCH,,,"KEEP IN SHEET — no template match, treat as blog",0.50,No template match found
149,CU-149,Copay vs Deductible vs Coinsurance: Health Insurance Terms Explained Simply,Ready,1,MIGRATE_TO_TEMPLATE,glossary,copay-deductible-coinsurance,Migrate to glossary template; delete from Sheet so blog-cron doesn't write it as a blog.,0.78,Strong match to glossary topic 'copay-deductible-coinsurance' (jaccard 0.78)
150,CU-150,What Is COBRA Insurance? How Much It Costs and When to Use It,Ready,1,KEEP_AS_BLOG_NO_TEMPLATE_MATCH,,,"KEEP IN SHEET — no template match, treat as blog",0.50,No template match found
151,CU-151,Bronze vs Silver vs Gold Health Plans: Which ACA Plan Level Is Right for You?,Ready,1,KEEP_AS_BLOG_NO_TEMPLATE_MATCH,,,"KEEP IN SHEET — no template match, treat as blog",0.50,No template match found
152,CU-152,What Happens If You Do Not Have Health Insurance in 2026?,Ready,1,REVIEW_NEEDED,persona,freelancers,Review: looks like persona but jaccard only 0.50. Could keep as blog OR migrate.,0.50,Ambiguous match; needs human eyes
153,CU-153,Can You Buy Health Insurance Outside of Open Enrollment?,Ready,1,REVIEW_NEEDED,qa,can-i-buy-aca-outside-open-enrollment,Review: looks like qa but jaccard only 0.63. Could keep as blog OR migrate.,0.63,Ambiguous match; needs human eyes
154,CU-154,Short-Term Health Insurance: Is It Worth It in 2026?,Ready,1,REVIEW_NEEDED,qa,short-term-health-insurance-eligibility,Review: looks like qa but jaccard only 0.56. Could keep as blog OR migrate.,0.56,Ambiguous match; needs human eyes
155,CU-155,Health Insurance Options for Immigrants in the US (2026 Guide),Ready,1,REVIEW_NEEDED,persona,freelancers,Review: looks like persona but jaccard only 0.50. Could keep as blog OR migrate.,0.50,Ambiguous match; needs human eyes
156,CU-156,Health Insurance for DoorDash and Uber Drivers: Your Best Options in 2026,Ready,1,MIGRATE_TO_TEMPLATE,persona,doordash-uber-drivers,Migrate to persona template; delete from Sheet so blog-cron doesn't write it as a blog.,0.70,Strong match to persona topic 'doordash-uber-drivers' (jaccard 0.70)
158,CU-158,How to Get Cheaper Prescription Drugs in 2026 (With or Without Insurance),Low Priority,3,KEEP_AS_BLOG,,,"KEEP IN SHEET — narrative/news-cycle/listicle shape, not template-shape",0.80,Blog-shape title (narrative/listicle/hospital-specific/news angle)
159,CU-159,What Is Open Enrollment? Health Insurance Dates and Deadlines for 2026,Low Priority,3,KEEP_AS_BLOG_NO_TEMPLATE_MATCH,,,"KEEP IN SHEET — no template match, treat as blog",0.50,No template match found
160,CU-160,Dual Eligible: Having Both Medicaid and Medicare Explained,Ready,1,KEEP_AS_BLOG_NO_TEMPLATE_MATCH,,,"KEEP IN SHEET — no template match, treat as blog",0.50,No template match found
161,CU-161,The Medicaid Look-Back Period: What It Is and How It Works,Ready,1,REVIEW_NEEDED,qa,medicaid-look-back-period,Review: looks like qa but jaccard only 0.50. Could keep as blog OR migrate.,0.50,Ambiguous match; needs human eyes
162,CU-162,How Long Does It Take to Get Approved for Medicaid?,Low Priority,3,KEEP_AS_BLOG_NO_TEMPLATE_MATCH,,,"KEEP IN SHEET — no template match, treat as blog",0.50,No template match found
163,CU-163,Medicaid for Adults With Disabilities: Eligibility and Benefits in 2026,Low Priority,3,KEEP_AS_BLOG_NO_TEMPLATE_MATCH,,,"KEEP IN SHEET — no template match, treat as blog",0.50,No template match found
164,CU-164,Best Health Insurance Options for People With Diabetes in 2026,Ready,1,REVIEW_NEEDED,persona,diabetes-patients,Review: looks like persona but jaccard only 0.56. Could keep as blog OR migrate.,0.56,Ambiguous match; needs human eyes
165,CU-165,ACA Marketplace Subsidy Calculator: How Much Help Will You Get in 2026?,Ready,1,KEEP_AS_BLOG_NO_TEMPLATE_MATCH,,,"KEEP IN SHEET — no template match, treat as blog",0.50,No template match found
166,CU-166,Medigap Plans Comparison Chart 2026: Plans A Through N Side by Side,Ready,1,KEEP_AS_BLOG,,,"KEEP IN SHEET — narrative/news-cycle/listicle shape, not template-shape",0.80,Blog-shape title (narrative/listicle/hospital-specific/news angle)
167,CU-167,Medicaid vs Private Insurance: Which Is Better for You?,Ready,1,KEEP_AS_BLOG_NO_TEMPLATE_MATCH,,,"KEEP IN SHEET — no template match, treat as blog",0.50,No template match found
168,CU-168,Can You Have Two Health Insurance Plans at the Same Time?,Low Priority,3,KEEP_AS_BLOG_NO_TEMPLATE_MATCH,,,"KEEP IN SHEET — no template match, treat as blog",0.50,No template match found
169,CU-169,What Is a Health Insurance Premium and How Is It Calculated?,Ready,1,KEEP_AS_BLOG_NO_TEMPLATE_MATCH,,,"KEEP IN SHEET — no template match, treat as blog",0.50,No template match found
170,CU-170,Health Insurance With Pre-Existing Conditions: Your Rights in 2026,Ready,1,REVIEW_NEEDED,persona,people-pre-existing-conditions,Review: looks like persona but jaccard only 0.50. Could keep as blog OR migrate.,0.50,Ambiguous match; needs human eyes
171,CU-171,How to Choose the Right Health Insurance Plan (Step by Step),Ready,1,KEEP_AS_BLOG,,,"KEEP IN SHEET — narrative/news-cycle/listicle shape, not template-shape",0.80,Blog-shape title (narrative/listicle/hospital-specific/news angle)
172,CU-172,Why Was My Medicaid Application Denied? Common Reasons and What to Do,Ready,1,KEEP_AS_BLOG,,,"KEEP IN SHEET — narrative/news-cycle/listicle shape, not template-shape",0.80,Blog-shape title (narrative/listicle/hospital-specific/news angle)
173,CU-173,How Much Does an ER Visit Cost Without Insurance? (And How to Handle It),Ready,1,REVIEW_NEEDED,procedure,dermatology-visit-cost,Review: looks like procedure but jaccard only 0.50. Could keep as blog OR migrate.,0.50,Ambiguous match; needs human eyes
174,CU-174,The Premium Tax Credit Explained: How ACA Subsidies Lower Your Costs,Ready,1,KEEP_AS_BLOG,,,"KEEP IN SHEET — narrative/news-cycle/listicle shape, not template-shape",0.80,Blog-shape title (narrative/listicle/hospital-specific/news angle)
175,CU-175,HSA vs FSA: Which Health Savings Account Is Better for You?,Ready,1,MIGRATE_TO_TEMPLATE,glossary,hsa-vs-fsa,Migrate to glossary template; delete from Sheet so blog-cron doesn't write it as a blog.,0.86,Strong match to glossary topic 'hsa-vs-fsa' (jaccard 0.86)
176,CU-176,Can You Get Medicaid If You Have a Job? Income Rules Explained,Ready,1,KEEP_AS_BLOG_NO_TEMPLATE_MATCH,,,"KEEP IN SHEET — no template match, treat as blog",0.50,No template match found
177,CU-177,Health Insurance for Early Retirees: Bridging the Gap Before Medicare at 65,Low Priority,3,REVIEW_NEEDED,persona,early-retirees-pre-65,Review: looks like persona but jaccard only 0.50. Could keep as blog OR migrate.,0.50,Ambiguous match; needs human eyes
178,CU-178,What Is Medicaid? Who Qualifies and What It Covers in 2026,Low Priority,3,KEEP_AS_BLOG_NO_TEMPLATE_MATCH,,,"KEEP IN SHEET — no template match, treat as blog",0.50,No template match found
179,CU-179,What Is Medicare? Who Qualifies and What It Covers in 2026,Ready,2,REVIEW_NEEDED,qa,medigap-vs-medicare-advantage,Review: looks like qa but jaccard only 0.50. Could keep as blog OR migrate.,0.50,Ambiguous match; needs human eyes
180,CU-180,HealthCare.gov vs State Marketplace: Where Should You Apply?,Ready,1,KEEP_AS_BLOG,,,"KEEP IN SHEET — narrative/news-cycle/listicle shape, not template-shape",0.80,Blog-shape title (narrative/listicle/hospital-specific/news angle)
181,CU-181,"Too Much for Medicaid, Too Little for ACA Subsidies: What Are Your Options?",Ready,1,KEEP_AS_BLOG,,,"KEEP IN SHEET — narrative/news-cycle/listicle shape, not template-shape",0.80,Blog-shape title (narrative/listicle/hospital-specific/news angle)
182,CU-182,ACA Subsidy Expiration 2026: What Changed and What to Do Now,Ready,1,KEEP_AS_BLOG,,,"KEEP IN SHEET — narrative/news-cycle/listicle shape, not template-shape",0.80,Blog-shape title (narrative/listicle/hospital-specific/news angle)
183,CU-183,Why Did My Health Insurance Premium Go Up So Much in 2026?,Ready,1,REVIEW_NEEDED,persona,freelancers,Review: looks like persona but jaccard only 0.50. Could keep as blog OR migrate.,0.50,Ambiguous match; needs human eyes
184,CU-184,How to Find Affordable Health Insurance Without ACA Subsidies in 2026,Ready,1,KEEP_AS_BLOG,,,"KEEP IN SHEET — narrative/news-cycle/listicle shape, not template-shape",0.80,Blog-shape title (narrative/listicle/hospital-specific/news angle)
185,CU-185,ACA Premium Increases 2026: State by State Breakdown,Ready,1,KEEP_AS_BLOG_NO_TEMPLATE_MATCH,,,"KEEP IN SHEET — no template match, treat as blog",0.50,No template match found
186,CU-186,Lost Your ACA Subsidy? Here Are Your Options in 2026,Ready,1,KEEP_AS_BLOG,,,"KEEP IN SHEET — narrative/news-cycle/listicle shape, not template-shape",0.80,Blog-shape title (narrative/listicle/hospital-specific/news angle)
187,CU-187,The ACA Subsidy Cliff Is Back: What It Means for Your Premiums,Ready,1,KEEP_AS_BLOG,,,"KEEP IN SHEET — narrative/news-cycle/listicle shape, not template-shape",0.80,Blog-shape title (narrative/listicle/hospital-specific/news angle)
188,CU-188,How to Lower Your Health Insurance Costs in 2026 (10 Real Options),Ready,1,KEEP_AS_BLOG,,,"KEEP IN SHEET — narrative/news-cycle/listicle shape, not template-shape",0.80,Blog-shape title (narrative/listicle/hospital-specific/news angle)
189,CU-189,How to Get Health Insurance in 2026: A Step by Step Guide,Ready,1,REVIEW_NEEDED,persona,freelancers,Review: looks like persona but jaccard only 0.60. Could keep as blog OR migrate.,0.60,Ambiguous match; needs human eyes
190,CU-190,Health Insurance Plans and Prices 2026: What to Expect,Ready,1,KEEP_AS_BLOG_NO_TEMPLATE_MATCH,,,"KEEP IN SHEET — no template match, treat as blog",0.50,No template match found
191,CU-191,Obamacare Plans 2026: What Is Available and How Much Does It Cost?,Ready,1,KEEP_AS_BLOG_NO_TEMPLATE_MATCH,,,"KEEP IN SHEET — no template match, treat as blog",0.50,No template match found
192,CU-192,The Most Affordable Health Insurance Options in 2026,Ready,1,REVIEW_NEEDED,persona,freelancers,Review: looks like persona but jaccard only 0.50. Could keep as blog OR migrate.,0.50,Ambiguous match; needs human eyes
193,CU-193,How to Apply for Health Insurance Online Through Healthcare.gov,Ready,1,KEEP_AS_BLOG,,,"KEEP IN SHEET — narrative/news-cycle/listicle shape, not template-shape",0.80,Blog-shape title (narrative/listicle/hospital-specific/news angle)
194,CU-194,Best Health Insurance for Families in 2026: Plans and Costs,Ready,1,KEEP_AS_BLOG_NO_TEMPLATE_MATCH,,,"KEEP IN SHEET — no template match, treat as blog",0.50,No template match found
195,CU-195,Can You Still Get Free Health Insurance in 2026?,Ready,1,REVIEW_NEEDED,persona,freelancers,Review: looks like persona but jaccard only 0.60. Could keep as blog OR migrate.,0.60,Ambiguous match; needs human eyes
196,CU-196,"Health Insurance for Kids in 2026: CHIP, Medicaid, or Marketplace?",Ready,1,MIGRATE_TO_TEMPLATE,persona,children-kids,Migrate to persona template; delete from Sheet so blog-cron doesn't write it as a blog.,0.70,Strong match to persona topic 'children-kids' (jaccard 0.70)
197,CU-197,Health Insurance for Pregnant Women: Your Best Options in 2026,Ready,1,KEEP_AS_BLOG_NO_TEMPLATE_MATCH,,,"KEEP IN SHEET — no template match, treat as blog",0.50,No template match found
198,CU-198,Health Insurance for Seniors Under 65: Best Options Before Medicare,Ready,1,KEEP_AS_BLOG_NO_TEMPLATE_MATCH,,,"KEEP IN SHEET — no template match, treat as blog",0.50,No template match found
199,CU-199,Medicare Part A vs Part B: What Each Covers and What You Pay,Ready,1,KEEP_AS_BLOG_NO_TEMPLATE_MATCH,,,"KEEP IN SHEET — no template match, treat as blog",0.50,No template match found
200,CU-200,"How Much Does Medicare Cost in 2026? Premiums, Deductibles, and More",Ready,1,KEEP_AS_BLOG_NO_TEMPLATE_MATCH,,,"KEEP IN SHEET — no template match, treat as blog",0.50,No template match found
201,CU-201,Best Medicare Advantage Plans in 2026: How to Choose,Ready,1,MIGRATE_TO_TEMPLATE,ma-state,georgia,Migrate to ma-state template; delete from Sheet so blog-cron doesn't write it as a blog.,0.67,Strong match to ma-state topic 'georgia' (jaccard 0.67)
202,CU-202,Medicare Supplement (Medigap) Plans 2026: Costs and Coverage Compared,Ready,1,KEEP_AS_BLOG_NO_TEMPLATE_MATCH,,,"KEEP IN SHEET — no template match, treat as blog",0.50,No template match found
203,CU-203,When to Sign Up for Medicare: Enrollment Periods and Deadlines,Ready,1,KEEP_AS_BLOG_NO_TEMPLATE_MATCH,,,"KEEP IN SHEET — no template match, treat as blog",0.50,No template match found
204,CU-204,Medicare Part D Prescription Drug Plans 2026: What to Know,Ready,1,KEEP_AS_BLOG_NO_TEMPLATE_MATCH,,,"KEEP IN SHEET — no template match, treat as blog",0.50,No template match found
205,CU-205,Turning 65? Your Complete Medicare Enrollment Checklist,Ready,1,DROP_DUPE_EXISTING_PAGE,event,turning-65-medicare,DELETE FROM SHEET (already shipped),0.90,Duplicates live event page /turning-65-medicare (concept match)
206,CU-206,Medicare Annual Enrollment Period 2026: Dates and What You Can Change,Ready,1,REVIEW_NEEDED,event,medicare-aep-2026,Review: looks like event but jaccard only 0.64. Could keep as blog OR migrate.,0.64,Ambiguous match; needs human eyes
207,CU-207,Is Medicare Free? What You Actually Pay in 2026,Ready,1,KEEP_AS_BLOG_NO_TEMPLATE_MATCH,,,"KEEP IN SHEET — no template match, treat as blog",0.50,No template match found
208,CU-208,Medicare for People Under 65 With Disabilities: How to Qualify,Ready,1,KEEP_AS_BLOG,,,"KEEP IN SHEET — narrative/news-cycle/listicle shape, not template-shape",0.80,Blog-shape title (narrative/listicle/hospital-specific/news angle)
209,CU-209,Original Medicare vs Medicare Advantage: Which Is Better in 2026?,Ready,1,REVIEW_NEEDED,qa,medicare-advantage-vs-original-medicare,Review: looks like qa but jaccard only 0.57. Could keep as blog OR migrate.,0.57,Ambiguous match; needs human eyes
210,CU-210,Health Insurance Cost Calculator: Estimate Your 2026 Premium,Ready,1,KEEP_AS_BLOG_NO_TEMPLATE_MATCH,,,"KEEP IN SHEET — no template match, treat as blog",0.50,No template match found
211,CU-211,Medicare Cost Calculator 2026: Estimate Your Total Costs,Ready,1,KEEP_AS_BLOG_NO_TEMPLATE_MATCH,,,"KEEP IN SHEET — no template match, treat as blog",0.50,No template match found
212,CU-212,Federal Poverty Level 2026: Income Guidelines by Family Size,Ready,1,KEEP_AS_BLOG_NO_TEMPLATE_MATCH,,,"KEEP IN SHEET — no template match, treat as blog",0.50,No template match found
213,CU-213,Health Insurance After Divorce: Your Options and Next Steps,Ready,1,KEEP_AS_BLOG_NO_TEMPLATE_MATCH,,,"KEEP IN SHEET — no template match, treat as blog",0.50,No template match found
214,CU-214,Health Insurance for Freelancers in 2026: The Complete Guide,Ready,1,MIGRATE_TO_TEMPLATE,persona,freelancers,Migrate to persona template; delete from Sheet so blog-cron doesn't write it as a blog.,1.00,Strong match to persona topic 'freelancers' (jaccard 1.00)
215,CU-215,Health Insurance for Small Business Owners: Individual vs Group Plans,Ready,1,REVIEW_NEEDED,persona,small-business-owners,Review: looks like persona but jaccard only 0.50. Could keep as blog OR migrate.,0.50,Ambiguous match; needs human eyes
216,CU-216,Health Insurance Options for Part-Time Workers in 2026,Ready,1,REVIEW_NEEDED,persona,part-time-workers,Review: looks like persona but jaccard only 0.60. Could keep as blog OR migrate.,0.60,Ambiguous match; needs human eyes
217,CU-217,Having a Baby? How to Add a Newborn to Your Health Insurance,Ready,1,MIGRATE_TO_TEMPLATE,event,having-a-baby,Migrate to event template; delete from Sheet so blog-cron doesn't write it as a blog.,0.86,Strong match to event topic 'having-a-baby' (jaccard 0.86)
218,CU-218,Laid Off? Your Health Insurance Options Explained,Ready,1,REVIEW_NEEDED,event,laid-off,Review: looks like event but jaccard only 0.50. Could keep as blog OR migrate.,0.50,Ambiguous match; needs human eyes
219,CU-219,Moving to a New State? How to Switch Health Insurance,Ready,1,REVIEW_NEEDED,event,moved-to-new-state,Review: looks like event but jaccard only 0.63. Could keep as blog OR migrate.,0.63,Ambiguous match; needs human eyes
220,CU-220,Health Insurance for 1099 Independent Contractors: Best Options in 2026,Ready,1,REVIEW_NEEDED,persona,1099-contractors,Review: looks like persona but jaccard only 0.50. Could keep as blog OR migrate.,0.50,Ambiguous match; needs human eyes
221,CU-221,Just Got Married? Your Health Insurance Options and Next Steps,Ready,1,REVIEW_NEEDED,event,just-got-married,Review: looks like event but jaccard only 0.50. Could keep as blog OR migrate.,0.50,Ambiguous match; needs human eyes
222,CU-100,"2026 Medicare Costs: Every Premium, Deductible, and IRMAA Bracket",Ready,1,KEEP_AS_BLOG,,,"KEEP IN SHEET — narrative/news-cycle/listicle shape, not template-shape",0.80,Blog-shape title (narrative/listicle/hospital-specific/news angle)
223,CU-101,"Medicare Enrollment Deadlines 2026: Every Period, Penalty, and Exception",Ready,1,KEEP_AS_BLOG,,,"KEEP IN SHEET — narrative/news-cycle/listicle shape, not template-shape",0.80,Blog-shape title (narrative/listicle/hospital-specific/news angle)
224,CU-102,2026 ACA Subsidy Amounts by Income and Family Size,Ready,1,KEEP_AS_BLOG,,,"KEEP IN SHEET — narrative/news-cycle/listicle shape, not template-shape",0.80,Blog-shape title (narrative/listicle/hospital-specific/news angle)
225,CU-103,"Medicare Part D Costs 2026: Premiums, Donut Hole Changes, and the New ,100 Cap",Ready,1,KEEP_AS_BLOG_NO_TEMPLATE_MATCH,,,"KEEP IN SHEET — no template match, treat as blog",0.50,No template match found
226,CU-104,"Medicare Savings Program Income Limits 2026: QMB, SLMB, and QI",Ready,1,MIGRATE_TO_TEMPLATE,glossary,medicare-savings-program,Migrate to glossary template; delete from Sheet so blog-cron doesn't write it as a blog.,0.75,Strong match to glossary topic 'medicare-savings-program' (jaccard 0.75)
227,CU-105,IRMAA Brackets 2026: Medicare Income Surcharge Tiers and Thresholds,Ready,1,KEEP_AS_BLOG_NO_TEMPLATE_MATCH,,,"KEEP IN SHEET — no template match, treat as blog",0.50,No template match found
228,CU-106,2026 CHIP Income Limits by State: Complete Eligibility Chart,Ready,1,REVIEW_NEEDED,qa,chip-eligibility-by-state,Review: looks like qa but jaccard only 0.60. Could keep as blog OR migrate.,0.60,Ambiguous match; needs human eyes
229,CU-107,Turning 65 While Still Working: Do You Need Medicare?,Ready,1,DROP_DUPE_EXISTING_PAGE,event,turning-65-medicare,DELETE FROM SHEET (already shipped),0.90,Duplicates live event page /turning-65-medicare (concept match)
230,CU-108,I Am on COBRA: Do I Still Need to Sign Up for Medicare?,Ready,1,KEEP_AS_BLOG_NO_TEMPLATE_MATCH,,,"KEEP IN SHEET — no template match, treat as blog",0.50,No template match found
231,CU-109,My Spouse Has Medicare But I Am Under 65: What Do I Do?,Ready,1,KEEP_AS_BLOG_NO_TEMPLATE_MATCH,,,"KEEP IN SHEET — no template match, treat as blog",0.50,No template match found
232,CU-110,Retired at 63: How to Get Health Insurance Before Medicare,Ready,1,KEEP_AS_BLOG,,,"KEEP IN SHEET — narrative/news-cycle/listicle shape, not template-shape",0.80,Blog-shape title (narrative/listicle/hospital-specific/news angle)
233,CU-111,HSA and Medicare: Why You Cannot Have Both,Ready,1,KEEP_AS_BLOG,,,"KEEP IN SHEET — narrative/news-cycle/listicle shape, not template-shape",0.80,Blog-shape title (narrative/listicle/hospital-specific/news angle)
234,CU-112,What Is IRMAA and Why Is Medicare Charging Me More?,Ready,1,KEEP_AS_BLOG,,,"KEEP IN SHEET — narrative/news-cycle/listicle shape, not template-shape",0.80,Blog-shape title (narrative/listicle/hospital-specific/news angle)
235,CU-113,Medicare Late Enrollment Penalties: What They Cost You for Life,Ready,1,KEEP_AS_BLOG_NO_TEMPLATE_MATCH,,,"KEEP IN SHEET — no template match, treat as blog",0.50,No template match found
236,CU-114,11 Things Medicare Does Not Cover That Most People Think It Does,Ready,1,KEEP_AS_BLOG_NO_TEMPLATE_MATCH,,,"KEEP IN SHEET — no template match, treat as blog",0.50,No template match found
237,CU-115,I Make Too Much for Medicaid But Cannot Afford Marketplace Insurance,Ready,1,KEEP_AS_BLOG_NO_TEMPLATE_MATCH,,,"KEEP IN SHEET — no template match, treat as blog",0.50,No template match found
238,CU-116,ACA Subsidies in 2026: What Changed After Enhanced Subsidies Expired,Ready,1,KEEP_AS_BLOG,,,"KEEP IN SHEET — narrative/news-cycle/listicle shape, not template-shape",0.80,Blog-shape title (narrative/listicle/hospital-specific/news angle)
239,CU-117,Do I Lose Medicaid If I Get a Raise?,Ready,1,KEEP_AS_BLOG_NO_TEMPLATE_MATCH,,,"KEEP IN SHEET — no template match, treat as blog",0.50,No template match found
240,CU-118,What Happens If I Underestimate My Income for ACA Subsidies?,Ready,1,KEEP_AS_BLOG,,,"KEEP IN SHEET — narrative/news-cycle/listicle shape, not template-shape",0.80,Blog-shape title (narrative/listicle/hospital-specific/news angle)
241,CU-119,How to Get Affordable Prescriptions Without Insurance in 2026,Ready,1,KEEP_AS_BLOG,,,"KEEP IN SHEET — narrative/news-cycle/listicle shape, not template-shape",0.80,Blog-shape title (narrative/listicle/hospital-specific/news angle)
243,CU-121,Free and Low-Cost Health Clinics: How to Find Care Near You,Ready,1,KEEP_AS_BLOG,,,"KEEP IN SHEET — narrative/news-cycle/listicle shape, not template-shape",0.80,Blog-shape title (narrative/listicle/hospital-specific/news angle)
244,CU-122,Short-Term Health Insurance: Is It Worth It in 2026?,Ready,1,REVIEW_NEEDED,qa,short-term-health-insurance-eligibility,Review: looks like qa but jaccard only 0.56. Could keep as blog OR migrate.,0.56,Ambiguous match; needs human eyes
245,CU-123,How to Appeal a Denied Health Insurance Claim Step by Step,Ready,1,KEEP_AS_BLOG,,,"KEEP IN SHEET — narrative/news-cycle/listicle shape, not template-shape",0.80,Blog-shape title (narrative/listicle/hospital-specific/news angle)
246,CU-124,Can You Get Health Insurance If You Are Undocumented?,Ready,1,KEEP_AS_BLOG_NO_TEMPLATE_MATCH,,,"KEEP IN SHEET — no template match, treat as blog",0.50,No template match found
247,CU-125,Can You Have Both Medicare and Medicaid? Dual Eligibility Explained,Ready,1,MIGRATE_TO_TEMPLATE,qa,can-i-have-both-medicare-and-medicaid,Migrate to qa template; delete from Sheet so blog-cron doesn't write it as a blog.,0.71,Strong match to qa topic 'can-i-have-both-medicare-and-medicaid' (jaccard 0.71)
248,CU-126,What Happens If You Do Not Have Health Insurance in 2026?,Ready,1,REVIEW_NEEDED,persona,freelancers,Review: looks like persona but jaccard only 0.50. Could keep as blog OR migrate.,0.50,Ambiguous match; needs human eyes
249,CU-127,Medigap Plan G vs Plan N: Which Should You Choose?,Ready,1,KEEP_AS_BLOG_NO_TEMPLATE_MATCH,,,"KEEP IN SHEET — no template match, treat as blog",0.50,No template match found
250,CU-128,Bronze vs Silver vs Gold ACA Plans: Actual Cost Differences,Ready,1,REVIEW_NEEDED,glossary,bronze-silver-gold,Review: looks like glossary but jaccard only 0.50. Could keep as blog OR migrate.,0.50,Ambiguous match; needs human eyes
251,CU-129,Medicare vs Employer Insurance at 65: Which Should You Keep?,Ready,1,REVIEW_NEEDED,qa,do-i-need-medicare-if-i-have-employer-insurance,Review: looks like qa but jaccard only 0.50. Could keep as blog OR migrate.,0.50,Ambiguous match; needs human eyes
257,CU-135,How to Get Insulin When Uninsured in 2026,Ready,1,MIGRATE_TO_TEMPLATE,drug,how-to-get-insulin-uninsured,Migrate to drug template; delete from Sheet so blog-cron doesn't write it as a blog.,1.00,Strong match to drug topic 'how-to-get-insulin-uninsured' (jaccard 1.00)
258,CU-136,Navigating Medicare Part D Coverage Gaps (The Donut Hole in 2026),Ready,1,KEEP_AS_BLOG_NO_TEMPLATE_MATCH,,,"KEEP IN SHEET — no template match, treat as blog",0.50,No template match found
259,CU-137,How to Access Patient Assistance Programs (PAPs) for Top 50 Drugs,Ready,1,KEEP_AS_BLOG,,,"KEEP IN SHEET — narrative/news-cycle/listicle shape, not template-shape",0.80,Blog-shape title (narrative/listicle/hospital-specific/news angle)
260,CU-138,"The ""Medicare-Spouse"" Trap: Health Insurance for Younger Spouses",Ready,1,KEEP_AS_BLOG_NO_TEMPLATE_MATCH,,,"KEEP IN SHEET — no template match, treat as blog",0.50,No template match found
261,CU-139,Medicaid Unwinding: What to Do If You Were Wrongfully Terminated,Ready,1,KEEP_AS_BLOG_NO_TEMPLATE_MATCH,,,"KEEP IN SHEET — no template match, treat as blog",0.50,No template match found
262,CU-140,Pregnancy and the Uninsured: Immediate Medicaid Coverage Options,Ready,1,KEEP_AS_BLOG_NO_TEMPLATE_MATCH,,,"KEEP IN SHEET — no template match, treat as blog",0.50,No template match found
267,CU-145,How to Ask a Hospital for a Prompt-Pay Cash Discount,Ready,2,KEEP_AS_BLOG,,,"KEEP IN SHEET — narrative/news-cycle/listicle shape, not template-shape",0.80,Blog-shape title (narrative/listicle/hospital-specific/news angle)
268,CU-146,What to Do When a Debt Collector Violates the FDCPA for Medical Bills,Ready,2,KEEP_AS_BLOG_NO_TEMPLATE_MATCH,,,"KEEP IN SHEET — no template match, treat as blog",0.50,No template match found
269,CU-147,What to Do When Charity Care Applications are Unfairly Denied,Ready,2,KEEP_AS_BLOG,,,"KEEP IN SHEET — narrative/news-cycle/listicle shape, not template-shape",0.80,Blog-shape title (narrative/listicle/hospital-specific/news angle)
270,CU-148,The Role of Medical Billing Advocates and When to Hire One,Ready,2,KEEP_AS_BLOG_NO_TEMPLATE_MATCH,,,"KEEP IN SHEET — no template match, treat as blog",0.50,No template match found
271,CU-149,Disputing Out-of-Network Anesthesiology and Radiology Bills,Ready,2,KEEP_AS_BLOG_NO_TEMPLATE_MATCH,,,"KEEP IN SHEET — no template match, treat as blog",0.50,No template match found
272,CU-150,How to Handle Medical Debt After the Death of a Spouse,Ready,2,KEEP_AS_BLOG,,,"KEEP IN SHEET — narrative/news-cycle/listicle shape, not template-shape",0.80,Blog-shape title (narrative/listicle/hospital-specific/news angle)
273,CU-151,What Happens If You Leave the Hospital AMA — Will Insurance Still Pay?,Ready,2,KEEP_AS_BLOG_NO_TEMPLATE_MATCH,,,"KEEP IN SHEET — no template match, treat as blog",0.50,No template match found
274,CU-152,What Happens to Your Medical Debt When You Die? (State-by-State Guide),Ready,2,KEEP_AS_BLOG,,,"KEEP IN SHEET — narrative/news-cycle/listicle shape, not template-shape",0.80,Blog-shape title (narrative/listicle/hospital-specific/news angle)
275,CU-153,What to Do If Your Health Plan Denies Prior Authorization for a Drug,Ready,2,KEEP_AS_BLOG_NO_TEMPLATE_MATCH,,,"KEEP IN SHEET — no template match, treat as blog",0.50,No template match found
276,CU-154,State Pharmaceutical Assistance Programs (SPAPs) Explained,Ready,2,MIGRATE_TO_TEMPLATE,drug,state-pharmaceutical-assistance-programs,Migrate to drug template; delete from Sheet so blog-cron doesn't write it as a blog.,0.71,Strong match to drug topic 'state-pharmaceutical-assistance-programs' (jaccard 0.71)
277,CU-155,How to Request Tier Exceptions for Specialty Medications,Ready,2,KEEP_AS_BLOG,,,"KEEP IN SHEET — narrative/news-cycle/listicle shape, not template-shape",0.80,Blog-shape title (narrative/listicle/hospital-specific/news angle)
278,CU-156,Using Community Health Centers (340B Pricing) for Cheaper Prescriptions,Ready,2,KEEP_AS_BLOG_NO_TEMPLATE_MATCH,,,"KEEP IN SHEET — no template match, treat as blog",0.50,No template match found
279,CU-157,Alternatives to Expensive Biologics: Biosimilars in 2026,Ready,2,KEEP_AS_BLOG_NO_TEMPLATE_MATCH,,,"KEEP IN SHEET — no template match, treat as blog",0.50,No template match found
280,CU-158,How to Appeal a Medicare Part D Drug Denial,Ready,2,KEEP_AS_BLOG,,,"KEEP IN SHEET — narrative/news-cycle/listicle shape, not template-shape",0.80,Blog-shape title (narrative/listicle/hospital-specific/news angle)
281,CU-159,Disease-Specific Charity Funds: A Complete Directory,Ready,2,KEEP_AS_BLOG_NO_TEMPLATE_MATCH,,,"KEEP IN SHEET — no template match, treat as blog",0.50,No template match found
282,CU-160,GoodRx vs Cost Plus Drugs vs Manufacturer Coupons: Which Saves More?,Ready,2,KEEP_AS_BLOG_NO_TEMPLATE_MATCH,,,"KEEP IN SHEET — no template match, treat as blog",0.50,No template match found
283,CU-161,Generic vs Brand-Name Drug Price Comparison: 30 Most Prescribed Medications,Ready,2,KEEP_AS_BLOG,,,"KEEP IN SHEET — narrative/news-cycle/listicle shape, not template-shape",0.80,Blog-shape title (narrative/listicle/hospital-specific/news angle)
284,CU-162,Turning 26: Step-by-Step Guide to Transitioning Off Parent's Insurance,Ready,2,MIGRATE_TO_TEMPLATE,event,turning-26-step-by-step-2026,Migrate to event template; delete from Sheet so blog-cron doesn't write it as a blog.,0.88,Strong match to event topic 'turning-26-step-by-step-2026' (jaccard 0.88)
285,CU-163,Lost Your Job? COBRA vs ACA Marketplace Coverage Compared,Ready,2,KEEP_AS_BLOG_NO_TEMPLATE_MATCH,,,"KEEP IN SHEET — no template match, treat as blog",0.50,No template match found
286,CU-164,"The Basic Health Program (BHP): Who Qualifies in NY, MN, OR, and DC",Ready,2,KEEP_AS_BLOG_NO_TEMPLATE_MATCH,,,"KEEP IN SHEET — no template match, treat as blog",0.50,No template match found
287,CU-165,"Navigating the ACA ""Family Glitch"" Fix in 2026",Ready,2,KEEP_AS_BLOG,,,"KEEP IN SHEET — narrative/news-cycle/listicle shape, not template-shape",0.80,Blog-shape title (narrative/listicle/hospital-specific/news angle)
288,CU-166,Health Insurance for Early Retirees (Ages 55-64),Ready,2,REVIEW_NEEDED,persona,early-retirees,Review: looks like persona but jaccard only 0.50. Could keep as blog OR migrate.,0.50,Ambiguous match; needs human eyes
289,CU-167,Health Insurance After Divorce: Who Keeps Coverage?,Ready,2,MIGRATE_TO_TEMPLATE,event,divorce-health-insurance-qa,Migrate to event template; delete from Sheet so blog-cron doesn't write it as a blog.,0.86,Strong match to event topic 'divorce-health-insurance-qa' (jaccard 0.86)
290,CU-168,Veterans Transitioning to Civilian Health Insurance,Ready,2,KEEP_AS_BLOG_NO_TEMPLATE_MATCH,,,"KEEP IN SHEET — no template match, treat as blog",0.50,No template match found
291,CU-169,How Medical Bills and Health Insurance Affect Your Tax Return,Ready,2,KEEP_AS_BLOG_NO_TEMPLATE_MATCH,,,"KEEP IN SHEET — no template match, treat as blog",0.50,No template match found
292,CU-170,Catastrophic Health Plans: Who Should Buy Them?,Ready,2,KEEP_AS_BLOG_NO_TEMPLATE_MATCH,,,"KEEP IN SHEET — no template match, treat as blog",0.50,No template match found
293,CU-171,Health Care Sharing Ministries vs Traditional Insurance,Ready,3,KEEP_AS_BLOG_NO_TEMPLATE_MATCH,,,"KEEP IN SHEET — no template match, treat as blog",0.50,No template match found
294,CU-172,How to Access Federally Qualified Health Centers (FQHCs),Ready,3,KEEP_AS_BLOG,,,"KEEP IN SHEET — narrative/news-cycle/listicle shape, not template-shape",0.80,Blog-shape title (narrative/listicle/hospital-specific/news angle)
295,CU-173,Pros and Cons of Zion HealthShare vs Medi-Share,Ready,3,KEEP_AS_BLOG_NO_TEMPLATE_MATCH,,,"KEEP IN SHEET — no template match, treat as blog",0.50,No template match found
296,CU-174,Using Sliding-Scale Clinics for Mental Health Services,Ready,3,KEEP_AS_BLOG_NO_TEMPLATE_MATCH,,,"KEEP IN SHEET — no template match, treat as blog",0.50,No template match found
297,CU-175,Pre-Existing Condition Clauses in Health Sharing Ministries,Ready,3,KEEP_AS_BLOG_NO_TEMPLATE_MATCH,,,"KEEP IN SHEET — no template match, treat as blog",0.50,No template match found
298,CU-176,Finding Affordable Vision Care and Glasses Without Insurance,Ready,3,KEEP_AS_BLOG_NO_TEMPLATE_MATCH,,,"KEEP IN SHEET — no template match, treat as blog",0.50,No template match found
299,CU-177,Navigating Out-of-Pocket Cash Pay Surgery Centers,Ready,3,KEEP_AS_BLOG_NO_TEMPLATE_MATCH,,,"KEEP IN SHEET — no template match, treat as blog",0.50,No template match found
300,CU-178,HealthShare Maternity Benefits and Limitations,Ready,3,KEEP_AS_BLOG_NO_TEMPLATE_MATCH,,,"KEEP IN SHEET — no template match, treat as blog",0.50,No template match found
301,CU-179,Short-Term Health Insurance Limitations by State,Ready,3,REVIEW_NEEDED,qa,short-term-health-insurance-eligibility,Review: looks like qa but jaccard only 0.56. Could keep as blog OR migrate.,0.56,Ambiguous match; needs human eyes
302,CU-180,Manufacturer Grant Programs for Cancer Treatment,Ready,3,KEEP_AS_BLOG_NO_TEMPLATE_MATCH,,,"KEEP IN SHEET — no template match, treat as blog",0.50,No template match found
303,CU-181,Can You Use GoodRx If You Have Medicare?,Ready,3,MIGRATE_TO_TEMPLATE,qa,can-i-use-goodrx-with-medicare,Migrate to qa template; delete from Sheet so blog-cron doesn't write it as a blog.,0.67,Strong match to qa topic 'can-i-use-goodrx-with-medicare' (jaccard 0.67)
304,CU-182,Script Templates for Negotiating Medical Bills in Collections,Ready,3,KEEP_AS_BLOG_NO_TEMPLATE_MATCH,,,"KEEP IN SHEET — no template match, treat as blog",0.50,No template match found
305,CU-183,ACA Open Enrollment Checklist: 10 Things Before the Deadline,Ready,3,KEEP_AS_BLOG,,,"KEEP IN SHEET — narrative/news-cycle/listicle shape, not template-shape",0.80,Blog-shape title (narrative/listicle/hospital-specific/news angle)
306,CU-184,Navigating Medical Bills After a Car Accident: PIP and Subrogation,Ready,3,KEEP_AS_BLOG_NO_TEMPLATE_MATCH,,,"KEEP IN SHEET — no template match, treat as blog",0.50,No template match found
307,CU-185,How to Safely Import Medications from Canadian Pharmacies,Ready,3,KEEP_AS_BLOG,,,"KEEP IN SHEET — narrative/news-cycle/listicle shape, not template-shape",0.80,Blog-shape title (narrative/listicle/hospital-specific/news angle)
313,CU-305,Why Hospitals Charge $200 for a Tylenol: The Chargemaster Explained,Held,1,KEEP_AS_BLOG,,,"KEEP IN SHEET — narrative/news-cycle/listicle shape, not template-shape",0.80,Blog-shape title (narrative/listicle/hospital-specific/news angle)
316,CU-308,What Is a Facility Fee -- and Why You're Being Billed Twice,Held,1,KEEP_AS_BLOG,,,"KEEP IN SHEET — narrative/news-cycle/listicle shape, not template-shape",0.80,Blog-shape title (narrative/listicle/hospital-specific/news angle)
317,CU-309,"California Medical Debt Law 2026: Hospital Fair Pricing Act, SB 1061, and What's New",Held,1,KEEP_AS_BLOG,,,"KEEP IN SHEET — narrative/news-cycle/listicle shape, not template-shape",0.80,Blog-shape title (narrative/listicle/hospital-specific/news angle)
318,CU-310,How Much Does an MRI Cost in 2026? CPT 70553/72148 vs. Hospital Chargemaster,Ready,1,KEEP_AS_BLOG,,,"KEEP IN SHEET — narrative/news-cycle/listicle shape, not template-shape",0.80,Blog-shape title (narrative/listicle/hospital-specific/news angle)
319,CU-311,"Cleveland Clinic Charity Care 2026: Income Thresholds, Application, and What to Submit",Ready,1,KEEP_AS_BLOG,,,"KEEP IN SHEET — narrative/news-cycle/listicle shape, not template-shape",0.80,Blog-shape title (narrative/listicle/hospital-specific/news angle)
320,CU-312,Mayo Clinic Charity Care: Who Qualifies in 2026 (Up to 400% FPL),Ready,1,KEEP_AS_BLOG,,,"KEEP IN SHEET — narrative/news-cycle/listicle shape, not template-shape",0.80,Blog-shape title (narrative/listicle/hospital-specific/news angle)
321,CU-313,Sample Medical Bill Dispute Letter (Free Template + Hospital-Specific Generator),Ready,1,KEEP_AS_BLOG,,,"KEEP IN SHEET — narrative/news-cycle/listicle shape, not template-shape",0.80,Blog-shape title (narrative/listicle/hospital-specific/news angle)
322,CU-314,How Much Does a Colonoscopy Cost? CPT 45378 Medicare Rate vs. What Hospitals Charge,Ready,1,KEEP_AS_BLOG,,,"KEEP IN SHEET — narrative/news-cycle/listicle shape, not template-shape",0.80,Blog-shape title (narrative/listicle/hospital-specific/news angle)
323,CU-315,New York Hospital Financial Assistance Law: Up to 500% FPL Sliding Scale (2026),Ready,1,KEEP_AS_BLOG_NO_TEMPLATE_MATCH,,,"KEEP IN SHEET — no template match, treat as blog",0.50,No template match found
324,CU-316,How to Negotiate a Hospital Bill: 7 Scripts That Actually Work (2026),Ready,1,KEEP_AS_BLOG,,,"KEEP IN SHEET — narrative/news-cycle/listicle shape, not template-shape",0.80,Blog-shape title (narrative/listicle/hospital-specific/news angle)
325,CU-317,How to Request an Itemized Hospital Bill (and Why You Must Before Disputing),Ready,1,KEEP_AS_BLOG,,,"KEEP IN SHEET — narrative/news-cycle/listicle shape, not template-shape",0.80,Blog-shape title (narrative/listicle/hospital-specific/news angle)
326,CU-318,No Surprises Act 2026: What's Still Protected and What's Not,Ready,1,KEEP_AS_BLOG,,,"KEEP IN SHEET — narrative/news-cycle/listicle shape, not template-shape",0.80,Blog-shape title (narrative/listicle/hospital-specific/news angle)
327,CU-319,What Is a Surprise Medical Bill and How to Use the No Surprises Act IDR Portal,Ready,1,KEEP_AS_BLOG,,,"KEEP IN SHEET — narrative/news-cycle/listicle shape, not template-shape",0.80,Blog-shape title (narrative/listicle/hospital-specific/news angle)
328,CU-320,How Much Does a CT Scan Cost? CPT 74177 vs. Your Hospital's Chargemaster,Ready,1,KEEP_AS_BLOG,,,"KEEP IN SHEET — narrative/news-cycle/listicle shape, not template-shape",0.80,Blog-shape title (narrative/listicle/hospital-specific/news angle)
329,CU-321,Kaiser Permanente Charity Care: How Self-Pay Patients Qualify in 2026,Ready,1,KEEP_AS_BLOG,,,"KEEP IN SHEET — narrative/news-cycle/listicle shape, not template-shape",0.80,Blog-shape title (narrative/listicle/hospital-specific/news angle)
330,CU-322,Texas Medical Debt: No Statewide Charity Care Floor -- What You Can Still Do,Ready,1,KEEP_AS_BLOG,,,"KEEP IN SHEET — narrative/news-cycle/listicle shape, not template-shape",0.80,Blog-shape title (narrative/listicle/hospital-specific/news angle)
331,CU-323,What Is Upcoding? How to Spot It on Your Hospital Bill,Ready,1,KEEP_AS_BLOG,,,"KEEP IN SHEET — narrative/news-cycle/listicle shape, not template-shape",0.80,Blog-shape title (narrative/listicle/hospital-specific/news angle)
332,CU-324,What Is Unbundling in Medical Billing? Real Examples + How to Catch It,Ready,1,KEEP_AS_BLOG,,,"KEEP IN SHEET — narrative/news-cycle/listicle shape, not template-shape",0.80,Blog-shape title (narrative/listicle/hospital-specific/news angle)
333,CU-325,"Florida Medical Debt 2026: AdventHealth, HCA Florida, and Charity Care Rules",Ready,2,KEEP_AS_BLOG,,,"KEEP IN SHEET — narrative/news-cycle/listicle shape, not template-shape",0.80,Blog-shape title (narrative/listicle/hospital-specific/news angle)
334,CU-326,How Much Does a C-Section Cost in 2026? CPT 59510 Reality Check,Ready,2,REVIEW_NEEDED,procedure,c-section-cost,Review: looks like procedure but jaccard only 0.50. Could keep as blog OR migrate.,0.50,Ambiguous match; needs human eyes
335,CU-327,Illinois Hospital Fair Billing Act: Up to 200% FPL Free Care Rules (2026),Ready,2,KEEP_AS_BLOG,,,"KEEP IN SHEET — narrative/news-cycle/listicle shape, not template-shape",0.80,Blog-shape title (narrative/listicle/hospital-specific/news angle)
336,CU-328,"Air Ambulance Bill of $50,000? Here's How to Fight It Under the No Surprises Act",Ready,2,KEEP_AS_BLOG,,,"KEEP IN SHEET — narrative/news-cycle/listicle shape, not template-shape",0.80,Blog-shape title (narrative/listicle/hospital-specific/news angle)
337,CU-329,Anesthesia Bill Charged Separately? Here's Why and What to Do,Ready,2,KEEP_AS_BLOG,,,"KEEP IN SHEET — narrative/news-cycle/listicle shape, not template-shape",0.80,Blog-shape title (narrative/listicle/hospital-specific/news angle)
338,CU-330,How Much Does an Appendectomy Cost? CPT 44970 vs. Hospital Chargemaster,Ready,2,KEEP_AS_BLOG,,,"KEEP IN SHEET — narrative/news-cycle/listicle shape, not template-shape",0.80,Blog-shape title (narrative/listicle/hospital-specific/news angle)
339,CU-331,Cedars-Sinai Charity Care: Income Limits and Application (2026),Ready,2,KEEP_AS_BLOG,,,"KEEP IN SHEET — narrative/news-cycle/listicle shape, not template-shape",0.80,Blog-shape title (narrative/listicle/hospital-specific/news angle)
340,CU-332,Mass General Brigham Charity Care: Massachusetts Health Safety Net Path,Ready,2,KEEP_AS_BLOG,,,"KEEP IN SHEET — narrative/news-cycle/listicle shape, not template-shape",0.80,Blog-shape title (narrative/listicle/hospital-specific/news angle)
341,CU-333,Maryland All-Payer System: Why Hospital Bills Are Lower (and Still Disputable),Ready,2,KEEP_AS_BLOG,,,"KEEP IN SHEET — narrative/news-cycle/listicle shape, not template-shape",0.80,Blog-shape title (narrative/listicle/hospital-specific/news angle)
342,CU-334,How Much Does a Knee Replacement Cost? CPT 27447 Bundled Reality,Ready,2,KEEP_AS_BLOG,,,"KEEP IN SHEET — narrative/news-cycle/listicle shape, not template-shape",0.80,Blog-shape title (narrative/listicle/hospital-specific/news angle)
343,CU-335,What Is Modifier 25? When Hospitals Use It (and Sometimes Misuse It),Ready,2,KEEP_AS_BLOG_NO_TEMPLATE_MATCH,,,"KEEP IN SHEET — no template match, treat as blog",0.50,No template match found
344,CU-336,"What Is a Level 5 ER Visit (CPT 99285)? When It's Justified, When It's Upcoding",Ready,2,KEEP_AS_BLOG,,,"KEEP IN SHEET — narrative/news-cycle/listicle shape, not template-shape",0.80,Blog-shape title (narrative/listicle/hospital-specific/news angle)
345,CU-337,"Washington Charity Care Law: Up to 300% FPL Free, Up to 400% Discount (2026)",Ready,2,KEEP_AS_BLOG,,,"KEEP IN SHEET — narrative/news-cycle/listicle shape, not template-shape",0.80,Blog-shape title (narrative/listicle/hospital-specific/news angle)
346,CU-338,New Jersey Charity Care: State-Funded Program Application (2026),Ready,2,KEEP_AS_BLOG,,,"KEEP IN SHEET — narrative/news-cycle/listicle shape, not template-shape",0.80,Blog-shape title (narrative/listicle/hospital-specific/news angle)
347,CU-339,Ascension Hospital Charity Care: Catholic System FAP by State,Ready,2,KEEP_AS_BLOG,,,"KEEP IN SHEET — narrative/news-cycle/listicle shape, not template-shape",0.80,Blog-shape title (narrative/listicle/hospital-specific/news angle)
348,CU-340,Why You Got Two Charges for the Same Service: Duplicate Billing Decoded,Ready,2,KEEP_AS_BLOG,,,"KEEP IN SHEET — narrative/news-cycle/listicle shape, not template-shape",0.80,Blog-shape title (narrative/listicle/hospital-specific/news angle)
349,CU-341,$800 for an IV Bag (J7030)? How Hospitals Mark Up Saline 800x,Ready,2,KEEP_AS_BLOG_NO_TEMPLATE_MATCH,,,"KEEP IN SHEET — no template match, treat as blog",0.50,No template match found
350,CU-342,What Is the Chargemaster? The Price List Hospitals Don't Want You to Read,Ready,2,KEEP_AS_BLOG,,,"KEEP IN SHEET — narrative/news-cycle/listicle shape, not template-shape",0.80,Blog-shape title (narrative/listicle/hospital-specific/news angle)
351,CU-343,Providence Health Charity Care: Up to 400% FPL Discount (2026),Ready,2,KEEP_AS_BLOG,,,"KEEP IN SHEET — narrative/news-cycle/listicle shape, not template-shape",0.80,Blog-shape title (narrative/listicle/hospital-specific/news angle)
352,CU-344,How Much Does a Gallbladder Surgery (Laparoscopic Cholecystectomy) Cost?,Ready,2,REVIEW_NEEDED,procedure,gallbladder-surgery-cost,Review: looks like procedure but jaccard only 0.50. Could keep as blog OR migrate.,0.50,Ambiguous match; needs human eyes
353,CU-345,What Is Balance Billing -- and When Is It Illegal? (NSA Walkthrough),Ready,2,KEEP_AS_BLOG,,,"KEEP IN SHEET — narrative/news-cycle/listicle shape, not template-shape",0.80,Blog-shape title (narrative/listicle/hospital-specific/news angle)
354,CU-346,Hospital Bill Sent to Collections? Here's What to Do First (2026),Ready,2,KEEP_AS_BLOG,,,"KEEP IN SHEET — narrative/news-cycle/listicle shape, not template-shape",0.80,Blog-shape title (narrative/listicle/hospital-specific/news angle)
355,CU-347,How Much Does a Hip Replacement Cost? CPT 27130 vs. Chargemaster,Ready,2,REVIEW_NEEDED,procedure,hip-replacement-cost,Review: looks like procedure but jaccard only 0.50. Could keep as blog OR migrate.,0.50,Ambiguous match; needs human eyes
356,CU-348,UPMC Financial Assistance: Pennsylvania's Largest System Charity Care,Ready,2,KEEP_AS_BLOG,,,"KEEP IN SHEET — narrative/news-cycle/listicle shape, not template-shape",0.80,Blog-shape title (narrative/listicle/hospital-specific/news angle)
357,CU-349,Connecticut Medical Debt 2026: New Credit Reporting Ban + Charity Care,Ready,2,KEEP_AS_BLOG,,,"KEEP IN SHEET — narrative/news-cycle/listicle shape, not template-shape",0.80,Blog-shape title (narrative/listicle/hospital-specific/news angle)
358,CU-350,"Minnesota Debt Fairness Act: No Spouse Liability, No Garnishment (2026)",Ready,3,KEEP_AS_BLOG_NO_TEMPLATE_MATCH,,,"KEEP IN SHEET — no template match, treat as blog",0.50,No template match found
359,CU-351,Northwell Health Charity Care: New York's Largest Health System FAP,Ready,3,KEEP_AS_BLOG,,,"KEEP IN SHEET — narrative/news-cycle/listicle shape, not template-shape",0.80,Blog-shape title (narrative/listicle/hospital-specific/news angle)
360,CU-352,How Much Does a Heart Stent Cost? CPT 92928 Reality Check,Ready,3,KEEP_AS_BLOG,,,"KEEP IN SHEET — narrative/news-cycle/listicle shape, not template-shape",0.80,Blog-shape title (narrative/listicle/hospital-specific/news angle)
361,CU-353,What Is Revenue Code 0450? ER Charges Decoded for Patients,Ready,3,KEEP_AS_BLOG_NO_TEMPLATE_MATCH,,,"KEEP IN SHEET — no template match, treat as blog",0.50,No template match found
362,CU-354,"What Is HCPCS J3490? The ""Unclassified Drug"" Charge on Your Bill",Ready,3,KEEP_AS_BLOG_NO_TEMPLATE_MATCH,,,"KEEP IN SHEET — no template match, treat as blog",0.50,No template match found
363,CU-355,Trinity Health Charity Care: Catholic System Up to 400% Discount,Ready,3,KEEP_AS_BLOG,,,"KEEP IN SHEET — narrative/news-cycle/listicle shape, not template-shape",0.80,Blog-shape title (narrative/listicle/hospital-specific/news angle)
364,CU-356,How Much Does a Chemo Infusion Cost? CPT 96413 + J-Codes Decoded,Ready,3,KEEP_AS_BLOG_NO_TEMPLATE_MATCH,,,"KEEP IN SHEET — no template match, treat as blog",0.50,No template match found
365,CU-357,NewYork-Presbyterian Charity Care: NY Law + Hospital FAP Combined,Ready,3,KEEP_AS_BLOG,,,"KEEP IN SHEET — narrative/news-cycle/listicle shape, not template-shape",0.80,Blog-shape title (narrative/listicle/hospital-specific/news angle)
366,CU-358,NYU Langone Financial Assistance: Income Thresholds and Hidden Steps,Ready,3,KEEP_AS_BLOG,,,"KEEP IN SHEET — narrative/news-cycle/listicle shape, not template-shape",0.80,Blog-shape title (narrative/listicle/hospital-specific/news angle)
367,CU-359,How Much Does a Vaginal Delivery Cost? CPT 59400 vs. What You'll Pay,Ready,3,REVIEW_NEEDED,procedure,vaginal-delivery-cost,Review: looks like procedure but jaccard only 0.50. Could keep as blog OR migrate.,0.50,Ambiguous match; needs human eyes
368,CU-360,Oregon Hospital Charity Care: SB 619 Expansion (2026),Ready,3,KEEP_AS_BLOG,,,"KEEP IN SHEET — narrative/news-cycle/listicle shape, not template-shape",0.80,Blog-shape title (narrative/listicle/hospital-specific/news angle)
369,CU-361,"Cost-to-Charge Ratio: Why Your $50,000 Bill Cost the Hospital $8,000",Ready,3,KEEP_AS_BLOG,,,"KEEP IN SHEET — narrative/news-cycle/listicle shape, not template-shape",0.80,Blog-shape title (narrative/listicle/hospital-specific/news angle)
370,CU-362,What Is QPA (Qualified Payment Amount) on Your EOB?,Ready,3,KEEP_AS_BLOG_NO_TEMPLATE_MATCH,,,"KEEP IN SHEET — no template match, treat as blog",0.50,No template match found
371,CU-363,Hospital Price Transparency: Hospitals Fined by CMS in 2025-2026 (Full List),Ready,3,KEEP_AS_BLOG_NO_TEMPLATE_MATCH,,,"KEEP IN SHEET — no template match, treat as blog",0.50,No template match found
372,CU-364,How Much Does an Echocardiogram Cost? CPT 93306 vs. Chargemaster,Ready,3,KEEP_AS_BLOG,,,"KEEP IN SHEET — narrative/news-cycle/listicle shape, not template-shape",0.80,Blog-shape title (narrative/listicle/hospital-specific/news angle)
373,CU-365,Colorado Hospital Discounted Care Program: Up to 250% FPL Rules (2026),Ready,3,KEEP_AS_BLOG_NO_TEMPLATE_MATCH,,,"KEEP IN SHEET — no template match, treat as blog",0.50,No template match found
374,CU-366,How Much Does an Upper Endoscopy (EGD) Cost? CPT 43239 Decoded,Ready,3,REVIEW_NEEDED,procedure,upper-endoscopy-cost,Review: looks like procedure but jaccard only 0.55. Could keep as blog OR migrate.,0.55,Ambiguous match; needs human eyes
375,CU-367,What Is Observation Status -- and Why It Could Triple Your Bill,Ready,3,KEEP_AS_BLOG,,,"KEEP IN SHEET — narrative/news-cycle/listicle shape, not template-shape",0.80,Blog-shape title (narrative/listicle/hospital-specific/news angle)
376,CU-368,What Is Modifier 59? Hospitals Use It to Bypass NCCI Edits,Ready,3,KEEP_AS_BLOG_NO_TEMPLATE_MATCH,,,"KEEP IN SHEET — no template match, treat as blog",0.50,No template match found
377,CU-369,Memorial Sloan Kettering Charity Care: Cancer Center FAP (2026),Ready,3,KEEP_AS_BLOG,,,"KEEP IN SHEET — narrative/news-cycle/listicle shape, not template-shape",0.80,Blog-shape title (narrative/listicle/hospital-specific/news angle)
378,CU-370,How to Apply for Hospital Charity Care: 8-Step Walkthrough,Ready,3,KEEP_AS_BLOG,,,"KEEP IN SHEET — narrative/news-cycle/listicle shape, not template-shape",0.80,Blog-shape title (narrative/listicle/hospital-specific/news angle)
379,CU-371,What Is Amount Generally Billed (AGB)? How 501(r) Caps Your Bill,Ready,3,KEEP_AS_BLOG_NO_TEMPLATE_MATCH,,,"KEEP IN SHEET — no template match, treat as blog",0.50,No template match found
380,CU-372,Sutter Health Financial Assistance: CA Hospital Fair Pricing Act in Action,Ready,3,KEEP_AS_BLOG,,,"KEEP IN SHEET — narrative/news-cycle/listicle shape, not template-shape",0.80,Blog-shape title (narrative/listicle/hospital-specific/news angle)
381,CU-373,UCLA Medical Center Charity Care: Income Thresholds for 2026,Ready,3,KEEP_AS_BLOG,,,"KEEP IN SHEET — narrative/news-cycle/listicle shape, not template-shape",0.80,Blog-shape title (narrative/listicle/hospital-specific/news angle)
382,CU-374,How Much Does a CABG (Coronary Bypass) Cost? CPT 33533 + DRG 233,Ready,3,KEEP_AS_BLOG_NO_TEMPLATE_MATCH,,,"KEEP IN SHEET — no template match, treat as blog",0.50,No template match found
383,CU-375,Houston Methodist Charity Care: Texas FAP Patchwork (2026),Ready,3,KEEP_AS_BLOG,,,"KEEP IN SHEET — narrative/news-cycle/listicle shape, not template-shape",0.80,Blog-shape title (narrative/listicle/hospital-specific/news angle)
384,CU-376,Johns Hopkins Charity Care: Maryland All-Payer + Hospital FAP,Ready,3,KEEP_AS_BLOG,,,"KEEP IN SHEET — narrative/news-cycle/listicle shape, not template-shape",0.80,Blog-shape title (narrative/listicle/hospital-specific/news angle)
385,CU-377,Pennsylvania Medical Debt 2026: UPMC + Penn State + State Rules,Ready,3,KEEP_AS_BLOG,,,"KEEP IN SHEET — narrative/news-cycle/listicle shape, not template-shape",0.80,Blog-shape title (narrative/listicle/hospital-specific/news angle)
386,CU-378,How Much Does Cataract Surgery Cost? CPT 66984 vs. ASC vs. Hospital,Ready,3,KEEP_AS_BLOG_NO_TEMPLATE_MATCH,,,"KEEP IN SHEET — no template match, treat as blog",0.50,No template match found
387,CU-379,What Is a Modifier in Medical Billing? Plain-English Guide for Patients,Ready,3,KEEP_AS_BLOG_NO_TEMPLATE_MATCH,,,"KEEP IN SHEET — no template match, treat as blog",0.50,No template match found
388,CU-380,How to File a Complaint Against a Nonprofit Hospital for Violating 501(r),Ready,3,KEEP_AS_BLOG,,,"KEEP IN SHEET — narrative/news-cycle/listicle shape, not template-shape",0.80,Blog-shape title (narrative/listicle/hospital-specific/news angle)
389,CU-381,How Much Does a Hernia Repair Cost? CPT 49505 vs. ASC vs. Hospital,Ready,3,KEEP_AS_BLOG_NO_TEMPLATE_MATCH,,,"KEEP IN SHEET — no template match, treat as blog",0.50,No template match found
390,CU-382,Stanford Health Care Charity Care: CA Hospital Fair Pricing Application,Ready,3,KEEP_AS_BLOG,,,"KEEP IN SHEET — narrative/news-cycle/listicle shape, not template-shape",0.80,Blog-shape title (narrative/listicle/hospital-specific/news angle)
391,CU-383,What Is a Prompt Pay Discount? When to Ask (and When Not To),Ready,3,KEEP_AS_BLOG_NO_TEMPLATE_MATCH,,,"KEEP IN SHEET — no template match, treat as blog",0.50,No template match found
392,CU-384,Virginia Medical Debt 2026: Inova FAP + New State Credit Reporting Ban,Ready,3,KEEP_AS_BLOG_NO_TEMPLATE_MATCH,,,"KEEP IN SHEET — no template match, treat as blog",0.50,No template match found
393,CU-385,How Much Does Physical Therapy Cost Per Session? CPT 97110/97530,Ready,3,MIGRATE_TO_TEMPLATE,procedure,physical-therapy-cost,Migrate to procedure template; delete from Sheet so blog-cron doesn't write it as a blog.,0.80,Strong match to procedure topic 'physical-therapy-cost' (jaccard 0.80)
394,CU-386,What Is a UB-04 Form? Decoding Your Hospital's Master Bill,Ready,3,KEEP_AS_BLOG_NO_TEMPLATE_MATCH,,,"KEEP IN SHEET — no template match, treat as blog",0.50,No template match found
395,CU-387,Banner Health Charity Care: Arizona FAP and How to Apply,Ready,3,KEEP_AS_BLOG,,,"KEEP IN SHEET — narrative/news-cycle/listicle shape, not template-shape",0.80,Blog-shape title (narrative/listicle/hospital-specific/news angle)
396,CU-388,MD Anderson Charity Care: Cancer Center FAP for Out-of-State Patients,Ready,3,KEEP_AS_BLOG,,,"KEEP IN SHEET — narrative/news-cycle/listicle shape, not template-shape",0.80,Blog-shape title (narrative/listicle/hospital-specific/news angle)
397,CU-389,How Much Does Dialysis Cost? CPT 90999 and the Bundled Payment Reality,Ready,3,KEEP_AS_BLOG_NO_TEMPLATE_MATCH,,,"KEEP IN SHEET — no template match, treat as blog",0.50,No template match found
398,CU-390,What Is a CMS-1500 Form? Professional vs. Hospital Bill Differences,Ready,3,KEEP_AS_BLOG_NO_TEMPLATE_MATCH,,,"KEEP IN SHEET — no template match, treat as blog",0.50,No template match found
399,CU-391,Maine Medical Debt 2026: Charity Care + Credit Reporting Ban,Ready,3,KEEP_AS_BLOG,,,"KEEP IN SHEET — narrative/news-cycle/listicle shape, not template-shape",0.80,Blog-shape title (narrative/listicle/hospital-specific/news angle)
400,CU-392,Rhode Island Medical Debt 2026: Charity Care + 2024 Credit Reporting Law,Ready,3,KEEP_AS_BLOG,,,"KEEP IN SHEET — narrative/news-cycle/listicle shape, not template-shape",0.80,Blog-shape title (narrative/listicle/hospital-specific/news angle)
401,CU-393,Delaware Medical Debt: SB 156 Credit Reporting Ban (2026),Ready,3,KEEP_AS_BLOG_NO_TEMPLATE_MATCH,,,"KEEP IN SHEET — no template match, treat as blog",0.50,No template match found
402,CU-394,Compare Top 10 Medical Bill Negotiation Services (CoveredUSA vs. Goodbill vs. Resolve vs. Dollar For),Ready,3,KEEP_AS_BLOG,,,"KEEP IN SHEET — narrative/news-cycle/listicle shape, not template-shape",0.80,Blog-shape title (narrative/listicle/hospital-specific/news angle)
403,CU-395,When to Hire a Medical Billing Advocate vs. Use a Free Tool (Decision Tree),Ready,3,KEEP_AS_BLOG_NO_TEMPLATE_MATCH,,,"KEEP IN SHEET — no template match, treat as blog",0.50,No template match found
404,CU-396,The True Cost of a Hospital Stay: 2026 Statistical Reference,Ready,3,KEEP_AS_BLOG_NO_TEMPLATE_MATCH,,,"KEEP IN SHEET — no template match, treat as blog",0.50,No template match found
405,CU-397,What Is an Advanced EOB Under the No Surprises Act? (2026 Status),Ready,3,KEEP_AS_BLOG,,,"KEEP IN SHEET — narrative/news-cycle/listicle shape, not template-shape",0.80,Blog-shape title (narrative/listicle/hospital-specific/news angle)
406,CU-398,Patient's Guide to the No Surprises Act IDR Process (Step-by-Step 2026),Ready,3,KEEP_AS_BLOG,,,"KEEP IN SHEET — narrative/news-cycle/listicle shape, not template-shape",0.80,Blog-shape title (narrative/listicle/hospital-specific/news angle)
407,CU-399,I Asked ChatGPT to Review My Hospital Bill: Here's What It Got Right and Wrong,Ready,1,KEEP_AS_BLOG,,,"KEEP IN SHEET — narrative/news-cycle/listicle shape, not template-shape",0.80,Blog-shape title (narrative/listicle/hospital-specific/news angle)
408,CU-400,Can ChatGPT Actually Read a Hospital Bill PDF? A Practical Test,Ready,1,KEEP_AS_BLOG,,,"KEEP IN SHEET — narrative/news-cycle/listicle shape, not template-shape",0.80,Blog-shape title (narrative/listicle/hospital-specific/news angle)
409,CU-401,ChatGPT vs Perplexity vs the CoveredUSA Bill Analyzer: Which AI Catches Overcharges?,Ready,1,KEEP_AS_BLOG,,,"KEEP IN SHEET — narrative/news-cycle/listicle shape, not template-shape",0.80,Blog-shape title (narrative/listicle/hospital-specific/news angle)
410,CU-402,How to Verify What AI Tells You About Your Hospital Bill (and Why You Should),Ready,1,KEEP_AS_BLOG,,,"KEEP IN SHEET — narrative/news-cycle/listicle shape, not template-shape",0.80,Blog-shape title (narrative/listicle/hospital-specific/news angle)
411,CU-403,"Why Hospitals Charge $50 for an Aspirin: Inpatient Drug Markup, Explained",Ready,1,KEEP_AS_BLOG,,,"KEEP IN SHEET — narrative/news-cycle/listicle shape, not template-shape",0.80,Blog-shape title (narrative/listicle/hospital-specific/news angle)
412,CU-404,Why Did the Hospital Charge $30 for an Ice Pack? Petty Charges Decoded,Ready,2,KEEP_AS_BLOG,,,"KEEP IN SHEET — narrative/news-cycle/listicle shape, not template-shape",0.80,Blog-shape title (narrative/listicle/hospital-specific/news angle)
413,CU-405,"The $0.05 Pill Billed at $100: How Inpatient Drug Markups Hit 18,000%+",Ready,1,KEEP_AS_BLOG_NO_TEMPLATE_MATCH,,,"KEEP IN SHEET — no template match, treat as blog",0.50,No template match found
414,CU-406,How Much Does a NICU Stay Cost? Daily Charges Decoded (2026),Ready,1,KEEP_AS_BLOG,,,"KEEP IN SHEET — narrative/news-cycle/listicle shape, not template-shape",0.80,Blog-shape title (narrative/listicle/hospital-specific/news angle)
415,CU-407,Texas Children's Hospital Charity Care: Income Limits and Application (2026),Ready,2,KEEP_AS_BLOG,,,"KEEP IN SHEET — narrative/news-cycle/listicle shape, not template-shape",0.80,Blog-shape title (narrative/listicle/hospital-specific/news angle)
416,CU-408,Can a Hospital Refuse Treatment If You Cannot Pay? EMTALA Rights Explained,Ready,1,KEEP_AS_BLOG,,,"KEEP IN SHEET — narrative/news-cycle/listicle shape, not template-shape",0.80,Blog-shape title (narrative/listicle/hospital-specific/news angle)
417,CU-409,What Is a Financial Responsibility Form? Did You Agree to Pay Whatever the Hospital Charged?,Ready,1,KEEP_AS_BLOG_NO_TEMPLATE_MATCH,,,"KEEP IN SHEET — no template match, treat as blog",0.50,No template match found
418,CU-410,My EOB Says $0 But the Hospital Is Billing Me — What Happened?,Ready,1,KEEP_AS_BLOG_NO_TEMPLATE_MATCH,,,"KEEP IN SHEET — no template match, treat as blog",0.50,No template match found
419,CU-411,How to Read Your Insurance EOB Side-by-Side With Your Hospital Bill,Ready,2,KEEP_AS_BLOG,,,"KEEP IN SHEET — narrative/news-cycle/listicle shape, not template-shape",0.80,Blog-shape title (narrative/listicle/hospital-specific/news angle)
420,CU-412,How to Appeal a Medicare Advantage Hospital Bill Denial (2026),Ready,2,KEEP_AS_BLOG,,,"KEEP IN SHEET — narrative/news-cycle/listicle shape, not template-shape",0.80,Blog-shape title (narrative/listicle/hospital-specific/news angle)
421,CU-413,Is My Hospital Price Transparency Compliant? How to Check Before You Get Billed,Ready,2,KEEP_AS_BLOG,,,"KEEP IN SHEET — narrative/news-cycle/listicle shape, not template-shape",0.80,Blog-shape title (narrative/listicle/hospital-specific/news angle)
