ID,Keyword,Title,State,Program,Type,Intent,Volume,CPC,Competition,RevenueScore,Priority,Status,Notes,URL,Created,Source,Target
CU-001,how to apply for medicaid 2026,How to Apply for Medicaid in 2026: Step-by-Step Guide,,Medicaid,guide,informational,,,,10,2,Ready,,,2026-05-11,AI,
CU-002,medicaid application guide 2026,Medicaid Application Guide 2026: Everything You Need to Know,,Medicaid,guide,informational,,,,10,3,Low Priority,,,2026-05-11,Google,
CU-003,aca open enrollment dates 2026,ACA Open Enrollment Dates 2026: When and How to Sign Up,,ACA Marketplace,guide,informational,,,,9,1,Written,,/blog/aca-open-enrollment-dates-2026,2026-05-11,AI,
CU-004,medicare part b cost 2026,"Medicare Part B Cost 2026: Premiums, Deductibles and Coverage",,Medicare,reference,informational,,,,7,1,Written,,/blog/medicare-part-b-cost-2026,2026-05-11,Google,
CU-005,chip eligibility requirements 2026,CHIP Eligibility Requirements 2026: Does Your Child Qualify?,,CHIP,guide,informational,,,,6,3,Low Priority,,,2026-05-11,AI,
CU-006,free health insurance for low income,Free Health Insurance for Low Income: Your 2026 Options,,Medicaid,guide,informational,,,,10,2,Written,,/blog/free-health-insurance-low-income-2026,2026-05-11,Google,
CU-007,medicaid vs marketplace insurance,Medicaid vs Marketplace Insurance: Which Is Right for You?,,Medicaid,comparison,informational,,,,9,1,Written,,/blog/medicaid-vs-marketplace-insurance,2026-05-11,AI,
CU-008,what is medicare savings program,What Is the Medicare Savings Program? Benefits and Eligibility,,Medicare Savings Programs,guide,informational,,,,7,1,Written,,/blog/what-is-medicare-savings-program,2026-05-11,Google,
CU-009,health insurance for unemployed,Health Insurance Options When You Are Unemployed in 2026,,Medicaid,guide,informational,,,,9,2,Ready,,,2026-05-11,AI,
CU-010,health insurance for college students,Health Insurance for College Students: Cheapest 2026 Options,,ACA Marketplace,guide,informational,,,,8,2,Ready,,,2026-05-11,Google,
CU-011,best health insurance for self-employed,Best Health Insurance for Self-Employed Workers in 2026,,ACA Marketplace,guide,informational,,,,9,2,Ready,,,2026-05-11,AI,
CU-012,medicaid expansion states 2026,Medicaid Expansion States 2026: Full List and Coverage Details,,Medicaid,reference,informational,,,,9,2,Ready,,,2026-05-11,Google,
CU-013,medicare enrollment periods explained,Medicare Enrollment Periods Explained: Deadlines and Penalties,,Medicare,guide,informational,,,,7,2,Ready,,,2026-05-11,AI,
CU-014,aca subsidy calculator 2026,ACA Subsidy Calculator 2026: Estimate Your Premium Tax Credit,,ACA Marketplace,reference,informational,,,,10,1,Written,,/blog/aca-subsidy-calculator-2026,2026-05-11,Google,
CU-015,va healthcare eligibility requirements,VA Healthcare Eligibility Requirements 2026: Who Qualifies?,,VA Healthcare,guide,informational,,,,6,2,Ready,,,2026-05-11,AI,
CU-016,medicaid income limits by state 2026,Medicaid Income Limits by State 2026: Complete Chart,,Medicaid,reference,informational,,,,10,2,Ready,,,2026-05-11,Google,
CU-017,aca subsidy amounts by income 2026,ACA Subsidy Amounts by Income 2026: How Much Will You Save?,,ACA Marketplace,reference,informational,,,,10,1,Written,,/blog/aca-subsidy-amounts-by-income-2026,2026-05-11,AI,
CU-018,medicare vs medicaid difference,Medicare vs Medicaid: Key Differences Explained Simply,,Medicare,comparison,informational,,,,8,1,Written,,/blog/medicare-vs-medicaid-difference,2026-05-11,Google,
CU-019,cheapest health insurance options 2026,Cheapest Health Insurance Options in 2026,,ACA Marketplace,guide,informational,,,,9,2,Ready,,,2026-05-11,AI,
CU-020,obamacare income limits 2026,Obamacare Income Limits 2026: Do You Qualify for Subsidies?,,ACA Marketplace,reference,informational,,,,10,1,Written,,/blog/obamacare-income-limits-2026,2026-05-12,Google,
CU-021,can i get medicaid if im self employed,Can I Get Medicaid If I'm Self-Employed? 2026 Guide,,Medicaid,guide,informational,,,,9,1,Written,,/blog/medicaid-if-self-employed,2026-05-12,AI,
CU-022,health insurance between jobs 2026,Health Insurance Between Jobs: Your Best Options in 2026,,Medicaid,guide,informational,,,,9,2,Ready,,,2026-05-11,Google,
CU-023,medicaid for pregnant women income limits,Medicaid for Pregnant Women: 2026 Income Limits by State,,Medicaid,reference,informational,,,,9,2,Ready,,,2026-05-11,AI,
CU-024,chip vs medicaid difference,CHIP vs Medicaid: What's the Difference for Children?,,CHIP,comparison,informational,,,,6,3,Low Priority,,,2026-05-11,Google,
CU-025,medicare advantage vs original medicare,Medicare Advantage vs Original Medicare: Pros and Cons 2026,,Medicare,comparison,informational,,,,7,2,Ready,,,2026-05-11,AI,
CU-026,how much does medicaid cost per month,How Much Does Medicaid Cost Per Month? Premiums and Copays,,Medicaid,reference,informational,,,,8,3,Low Priority,,,2026-05-11,Google,
CU-027,texas medicaid income limits 2026,Texas Medicaid Income Limits 2026: Full Eligibility Guide,TX,Medicaid,state-specific,informational,,,,10,2,Ready,,,2026-05-11,AI,
CU-028,how to apply for medicaid in texas,How to Apply for Medicaid in Texas (2026),TX,Medicaid,state-specific,informational,,,,9,2,Ready,,,2026-05-11,Google,
CU-029,texas aca marketplace plans 2026,"Texas ACA Marketplace Plans 2026: Costs, Subsidies and Enrollment",TX,ACA Marketplace,state-specific,informational,,,,9,2,Ready,,,2026-05-11,AI,
CU-030,free health insurance texas 2026,Free Health Insurance in Texas 2026: Medicaid and CHIP Options,TX,Medicaid,state-specific,informational,,,,8,2,Ready,,,2026-05-11,Google,
CU-031,texas chip eligibility 2026,Texas CHIP Eligibility 2026: Income Limits and How to Enroll,TX,CHIP,state-specific,informational,,,,6,2,Ready,,,2026-05-11,AI,
CU-032,florida medicaid income limits 2026,Florida Medicaid Income Limits 2026: Full Eligibility Guide,FL,Medicaid,state-specific,informational,,,,10,2,Ready,,,2026-05-11,Google,
CU-033,how to apply for medicaid in florida,How to Apply for Medicaid in Florida (2026),FL,Medicaid,state-specific,informational,,,,9,2,Ready,,,2026-05-11,AI,
CU-034,florida aca marketplace plans 2026,"Florida ACA Marketplace Plans 2026: Costs, Subsidies and Enrollment",FL,ACA Marketplace,state-specific,informational,,,,9,2,Ready,,,2026-05-11,Google,
CU-035,free health insurance florida 2026,Free Health Insurance in Florida 2026: Medicaid and CHIP Options,FL,Medicaid,state-specific,informational,,,,8,2,Ready,,,2026-05-11,AI,
CU-036,florida chip eligibility 2026,Florida CHIP Eligibility 2026: Income Limits and How to Enroll,FL,CHIP,state-specific,informational,,,,6,2,Ready,,,2026-05-11,Google,
CU-037,georgia medicaid income limits 2026,Georgia Medicaid Income Limits 2026: Full Eligibility Guide,GA,Medicaid,state-specific,informational,,,,10,2,Ready,,,2026-05-11,AI,
CU-038,how to apply for medicaid in georgia,How to Apply for Medicaid in Georgia (2026),GA,Medicaid,state-specific,informational,,,,9,2,Ready,,,2026-05-11,Google,
CU-039,georgia aca marketplace plans 2026,"Georgia ACA Marketplace Plans 2026: Costs, Subsidies and Enrollment",GA,ACA Marketplace,state-specific,informational,,,,9,2,Ready,,,2026-05-11,AI,
CU-040,free health insurance georgia 2026,Free Health Insurance in Georgia 2026: Medicaid and CHIP Options,GA,Medicaid,state-specific,informational,,,,8,2,Ready,,,2026-05-11,Google,
CU-041,georgia chip eligibility 2026,Georgia CHIP Eligibility 2026: Income Limits and How to Enroll,GA,CHIP,state-specific,informational,,,,6,2,Ready,,,2026-05-11,AI,
CU-042,north carolina medicaid income limits 2026,North Carolina Medicaid Income Limits 2026: Full Eligibility Guide,NC,Medicaid,state-specific,informational,,,,10,2,Ready,,,2026-05-11,Google,
CU-043,how to apply for medicaid in north carolina,How to Apply for Medicaid in North Carolina (2026),NC,Medicaid,state-specific,informational,,,,9,2,Ready,,,2026-05-11,AI,
CU-044,north carolina aca marketplace plans 2026,"North Carolina ACA Marketplace Plans 2026: Costs, Subsidies and Enrollment",NC,ACA Marketplace,state-specific,informational,,,,9,2,Ready,,,2026-05-11,Google,
CU-045,free health insurance north carolina 2026,Free Health Insurance in North Carolina 2026: Medicaid and CHIP Options,NC,Medicaid,state-specific,informational,,,,8,2,Ready,,,2026-05-11,AI,
CU-046,north carolina chip eligibility 2026,North Carolina CHIP Eligibility 2026: Income Limits and How to Enroll,NC,CHIP,state-specific,informational,,,,6,2,Ready,,,2026-05-11,Google,
CU-047,california medicaid income limits 2026,California Medicaid Income Limits 2026: Full Eligibility Guide,CA,Medicaid,state-specific,informational,,,,10,2,Ready,,,2026-05-11,AI,
CU-048,how to apply for medicaid in california,How to Apply for Medicaid in California (2026),CA,Medicaid,state-specific,informational,,,,9,2,Ready,,,2026-05-11,Google,
CU-049,california aca marketplace plans 2026,"California ACA Marketplace Plans 2026: Costs, Subsidies and Enrollment",CA,ACA Marketplace,state-specific,informational,,,,9,2,Ready,,,2026-05-11,AI,
CU-050,free health insurance california 2026,Free Health Insurance in California 2026: Medicaid and CHIP Options,CA,Medicaid,state-specific,informational,,,,8,2,Ready,,,2026-05-11,Google,
CU-051,california chip eligibility 2026,California CHIP Eligibility 2026: Income Limits and How to Enroll,CA,CHIP,state-specific,informational,,,,6,2,Ready,,,2026-05-11,AI,
CU-052,arizona medicaid income limits 2026,Arizona Medicaid Income Limits 2026: Full Eligibility Guide,AZ,Medicaid,state-specific,informational,,,,10,3,Ready,,,2026-05-11,Google,
CU-053,how to apply for medicaid in arizona,How to Apply for Medicaid in Arizona (2026),AZ,Medicaid,state-specific,informational,,,,9,3,Ready,,,2026-05-11,AI,
CU-054,arizona aca marketplace plans 2026,"Arizona ACA Marketplace Plans 2026: Costs, Subsidies and Enrollment",AZ,ACA Marketplace,state-specific,informational,,,,9,3,Ready,,,2026-05-11,Google,
CU-055,free health insurance arizona 2026,Free Health Insurance in Arizona 2026: Medicaid and CHIP Options,AZ,Medicaid,state-specific,informational,,,,8,3,Ready,,,2026-05-11,AI,
CU-056,arizona chip eligibility 2026,Arizona CHIP Eligibility 2026: Income Limits and How to Enroll,AZ,CHIP,state-specific,informational,,,,6,3,Ready,,,2026-05-11,Google,
CU-057,nevada medicaid income limits 2026,Nevada Medicaid Income Limits 2026: Full Eligibility Guide,NV,Medicaid,state-specific,informational,,,,10,3,Ready,,,2026-05-11,AI,
CU-058,how to apply for medicaid in nevada,How to Apply for Medicaid in Nevada (2026),NV,Medicaid,state-specific,informational,,,,9,3,Ready,,,2026-05-11,Google,
CU-059,nevada aca marketplace plans 2026,"Nevada ACA Marketplace Plans 2026: Costs, Subsidies and Enrollment",NV,ACA Marketplace,state-specific,informational,,,,9,3,Ready,,,2026-05-11,AI,
CU-060,free health insurance nevada 2026,Free Health Insurance in Nevada 2026: Medicaid and CHIP Options,NV,Medicaid,state-specific,informational,,,,8,3,Ready,,,2026-05-11,Google,
CU-061,nevada chip eligibility 2026,Nevada CHIP Eligibility 2026: Income Limits and How to Enroll,NV,CHIP,state-specific,informational,,,,6,3,Ready,,,2026-05-11,AI,
CU-062,ohio medicaid income limits 2026,Ohio Medicaid Income Limits 2026: Full Eligibility Guide,OH,Medicaid,state-specific,informational,,,,10,3,Ready,,,2026-05-11,Google,
CU-063,how to apply for medicaid in ohio,How to Apply for Medicaid in Ohio (2026),OH,Medicaid,state-specific,informational,,,,9,3,Ready,,,2026-05-11,AI,
CU-064,ohio aca marketplace plans 2026,"Ohio ACA Marketplace Plans 2026: Costs, Subsidies and Enrollment",OH,ACA Marketplace,state-specific,informational,,,,9,3,Ready,,,2026-05-11,Google,
CU-065,free health insurance ohio 2026,Free Health Insurance in Ohio 2026: Medicaid and CHIP Options,OH,Medicaid,state-specific,informational,,,,8,3,Ready,,,2026-05-11,AI,
CU-066,ohio chip eligibility 2026,Ohio CHIP Eligibility 2026: Income Limits and How to Enroll,OH,CHIP,state-specific,informational,,,,6,3,Ready,,,2026-05-11,Google,
CU-067,pennsylvania medicaid income limits 2026,Pennsylvania Medicaid Income Limits 2026: Full Eligibility Guide,PA,Medicaid,state-specific,informational,,,,10,3,Ready,,,2026-05-11,AI,
CU-068,how to apply for medicaid in pennsylvania,How to Apply for Medicaid in Pennsylvania (2026),PA,Medicaid,state-specific,informational,,,,9,3,Ready,,,2026-05-11,Google,
CU-069,pennsylvania aca marketplace plans 2026,"Pennsylvania ACA Marketplace Plans 2026: Costs, Subsidies and Enrollment",PA,ACA Marketplace,state-specific,informational,,,,9,3,Ready,,,2026-05-11,AI,
CU-070,free health insurance pennsylvania 2026,Free Health Insurance in Pennsylvania 2026: Medicaid and CHIP Options,PA,Medicaid,state-specific,informational,,,,8,3,Ready,,,2026-05-11,Google,
CU-071,pennsylvania chip eligibility 2026,Pennsylvania CHIP Eligibility 2026: Income Limits and How to Enroll,PA,CHIP,state-specific,informational,,,,6,3,Ready,,,2026-05-11,AI,
CU-072,new york medicaid income limits 2026,New York Medicaid Income Limits 2026: Full Eligibility Guide,NY,Medicaid,state-specific,informational,,,,10,3,Ready,,,2026-05-11,Google,
CU-073,how to apply for medicaid in new york,How to Apply for Medicaid in New York (2026),NY,Medicaid,state-specific,informational,,,,9,3,Ready,,,2026-05-11,AI,
CU-074,new york aca marketplace plans 2026,"New York ACA Marketplace Plans 2026: Costs, Subsidies and Enrollment",NY,ACA Marketplace,state-specific,informational,,,,9,3,Ready,,,2026-05-11,Google,
CU-075,free health insurance new york 2026,Free Health Insurance in New York 2026: Medicaid and CHIP Options,NY,Medicaid,state-specific,informational,,,,8,3,Ready,,,2026-05-11,AI,
CU-076,new york chip eligibility 2026,New York CHIP Eligibility 2026: Income Limits and How to Enroll,NY,CHIP,state-specific,informational,,,,6,3,Ready,,,2026-05-11,Google,
CU-077,illinois medicaid income limits 2026,Illinois Medicaid Income Limits 2026: Full Eligibility Guide,IL,Medicaid,state-specific,informational,,,,10,3,Ready,,,2026-05-11,AI,
CU-078,how to apply for medicaid in illinois,How to Apply for Medicaid in Illinois (2026),IL,Medicaid,state-specific,informational,,,,9,3,Ready,,,2026-05-11,Google,
CU-079,new jersey medicaid income limits 2026,New Jersey Medicaid Income Limits 2026: Full Eligibility Guide,NJ,Medicaid,state-specific,informational,,,,10,3,Ready,,,2026-05-11,AI,
CU-080,how to apply for medicaid in new jersey,How to Apply for Medicaid in New Jersey (2026),NJ,Medicaid,state-specific,informational,,,,9,3,Ready,,,2026-05-11,Google,
CU-081,virginia medicaid income limits 2026,Virginia Medicaid Income Limits 2026: Full Eligibility Guide,VA,Medicaid,state-specific,informational,,,,10,3,Ready,,,2026-05-11,AI,
CU-082,how to apply for medicaid in virginia,How to Apply for Medicaid in Virginia (2026),VA,Medicaid,state-specific,informational,,,,9,3,Ready,,,2026-05-11,Google,
CU-083,washington medicaid income limits 2026,Washington Medicaid Income Limits 2026: Full Eligibility Guide,WA,Medicaid,state-specific,informational,,,,10,3,Ready,,,2026-05-11,AI,
CU-084,how to apply for medicaid in washington,How to Apply for Medicaid in Washington (2026),WA,Medicaid,state-specific,informational,,,,9,3,Ready,,,2026-05-11,Google,
CU-085,colorado medicaid income limits 2026,Colorado Medicaid Income Limits 2026: Full Eligibility Guide,CO,Medicaid,state-specific,informational,,,,10,3,Ready,,,2026-05-11,AI,
CU-086,how to apply for medicaid in colorado,How to Apply for Medicaid in Colorado (2026),CO,Medicaid,state-specific,informational,,,,9,3,Ready,,,2026-05-11,Google,
CU-087,medicaid vs medicare,Medicaid vs Medicare: What Is the Difference in 2026?,,Dual,comparison,informational,,,,10,1,Written,,/blog/medicaid-vs-medicare-difference-2026,2026-05-12,AI,
CU-088,what is magi for medicaid,What Is MAGI? How Modified Adjusted Gross Income Affects Your Healthcare,,Medicaid,explainer,informational,,,,10,3,Low Priority,,,2026-05-11,AI,
CU-089,aca income limits 2026,2026 ACA Income Limits: Who Qualifies for Marketplace Subsidies,,ACA,guide,informational,,,,10,1,Written,,/blog/aca-income-limits-2026,2026-05-12,AI,
CU-090,aca subsidy cliff 2026,The 2026 ACA Subsidy Cliff: What It Means and How to Avoid It,,ACA,guide,informational,,,,10,1,Written,,/blog/aca-subsidy-cliff-2026,2026-05-12,AI,
CU-091,free health insurance low income,Free Health Insurance for Low-Income Americans in 2026,,ACA,guide,transactional,,,,10,1,Duplicate,,,2026-05-11,Google,
CU-092,how to apply for medicaid online,How to Apply for Medicaid Online in 2026 (Step by Step),,Medicaid,guide,transactional,,,,10,3,Low Priority,,,2026-05-11,Google,
CU-093,what is the federal poverty level 2026,2026 Federal Poverty Level Guidelines by Household Size,,ACA,reference,informational,,,,9,1,Written,,/blog/federal-poverty-level-2026-guidelines,2026-05-12,AI,
CU-094,health insurance if you cant afford it,What to Do If You Cannot Afford Health Insurance in 2026,,ACA,guide,transactional,,,,10,1,Written,,/blog/health-insurance-if-you-cant-afford-it,2026-05-12,Google,
CU-095,medicaid income limits 2026,2026 Medicaid Income Limits by State: Complete Guide,,Medicaid,reference,informational,,,,10,2,Ready,,,2026-05-11,AI,
CU-096,medicare savings programs 2026,"2026 Medicare Savings Programs: QMB, SLMB, and QI Explained",,Medicare,guide,informational,,,,10,1,Written,,/blog/medicare-savings-programs-2026,2026-05-12,AI,
CU-097,does medicaid count my boyfriend income,Does Medicaid Count My Boyfriend's Income If We Live Together?,,Medicaid,scenario,informational,,,,8,3,Low Priority,,,2026-05-11,AI,
CU-098,medicaid for gig workers 2026,How Gig Workers and Freelancers Qualify for Medicaid in 2026,,Medicaid,guide,informational,,,,9,3,Low Priority,,,2026-05-11,AI,
CU-099,kicked off medicaid what to do,Lost Your Medicaid? What to Do Next to Avoid a Coverage Gap,,Medicaid,guide,transactional,,,,10,1,Written,,/blog/kicked-off-medicaid-what-to-do,2026-05-12,Google,
CU-100,turning 26 health insurance options,Turning 26? Your Health Insurance Options After Aging Off Parents' Plan,,ACA,guide,transactional,,,,9,1,Written,,/blog/turning-26-health-insurance-options,2026-05-13,Google,
CU-101,lost job health insurance options,Lost Your Job? How to Get Health Insurance After Losing Employer Coverage,,ACA,guide,transactional,,,,10,1,Written,,/blog/lost-job-health-insurance-options,2026-05-13,Google,
CU-102,medicaid work requirements 2026,2026 Medicaid Work Requirements: Who Must Comply and How,,Medicaid,guide,informational,,,,9,3,Low Priority,,,2026-05-11,AI,
CU-103,pregnant and no health insurance,Pregnant With No Insurance? Free and Low-Cost Options in 2026,,Medicaid,guide,transactional,,,,10,1,Written,,/blog/pregnant-no-health-insurance,2026-05-13,Google,
CU-104,self employed health insurance options,Health Insurance for Self-Employed Workers: Best Options in 2026,,ACA,guide,transactional,,,,10,1,Duplicate,,,2026-05-11,Google,
CU-105,can i get aca and medicaid,Can You Have Both Medicaid and ACA Insurance at the Same Time?,,Dual,scenario,informational,,,,8,1,Written,,/blog/can-i-get-aca-and-medicaid,2026-05-13,AI,
CU-106,medicaid asset limits 2026,Medicaid Asset Limits 2026: Which States Still Test Assets?,,Medicaid,reference,informational,,,,9,3,Low Priority,,,2026-05-11,AI,
CU-107,texas medicaid income limits 2026,2026 Texas Medicaid Income Limits and Eligibility Guide,TX,Medicaid,state-specific,informational,,,,10,2,Duplicate,,,2026-05-11,AI,
CU-108,florida medicaid eligibility 2026,"Florida Medicaid Eligibility 2026: Limits for Adults, Children, and Seniors",FL,Medicaid,state-specific,informational,,,,10,2,Ready,,,2026-05-11,AI,
CU-109,california medi-cal income limits 2026,2026 California Medi-Cal Income Limits and New Asset Rules,CA,Medicaid,state-specific,informational,,,,10,2,Ready,,,2026-05-11,AI,
CU-110,georgia medicaid work requirements,Georgia Pathways to Coverage 2026: 80-Hour Work Rules Explained,GA,Medicaid,state-specific,informational,,,,10,2,Ready,,,2026-05-11,AI,
CU-111,north carolina medicaid expansion 2026,2026 North Carolina Medicaid Expansion: Do You Now Qualify?,NC,Medicaid,state-specific,informational,,,,9,2,Ready,,,2026-05-11,AI,
CU-112,no health insurance texas options,No Health Insurance in Texas? Your Options in 2026,TX,ACA,state-specific,transactional,,,,10,2,Ready,,,2026-05-11,Google,
CU-113,florida aca plans 2026,Best ACA Health Insurance Plans in Florida for 2026,FL,ACA,state-specific,transactional,,,,10,2,Ready,,,2026-05-11,Google,
CU-114,coverage gap texas florida,The Medicaid Coverage Gap: Why Millions in Texas and Florida Have No Options,TX,Medicaid,explainer,informational,,,,9,2,Ready,,,2026-05-11,AI,
CU-115,arizona ahcccs income limits,2026 Arizona AHCCCS (Medicaid) Income Limits and How to Apply,AZ,Medicaid,state-specific,informational,,,,9,3,Ready,,,2026-05-11,Google,
CU-116,new york essential plan 2026,"New York Essential Plan 2026: Free Coverage If You Earn Under ,000",NY,ACA,state-specific,informational,,,,9,3,Ready,,,2026-05-11,AI,
CU-117,medicare part b late penalty,Medicare Part B Late Enrollment Penalty: How Much It Costs and How to Avoid It,,Medicare,guide,informational,,,,9,1,Written,,/blog/medicare-part-b-late-enrollment-penalty,2026-05-13,AI,
CU-118,medicare advantage vs medigap 2026,Medicare Advantage vs Medigap in 2026: Which Is Right for You?,,Medicare,comparison,informational,,,,10,1,Writing,,,2026-05-11,AI,
CU-119,how to apply for medicare part b,How to Apply for Medicare Part B When You Retire (Step by Step),,Medicare,guide,transactional,,,,9,1,Writing,,,2026-05-11,Google,
CU-120,medicare part d extra help 2026,Medicare Part D Extra Help (LIS) 2026: Income Limits and How to Apply,,Medicare,guide,informational,,,,9,1,Writing,,,2026-05-11,AI,
CU-121,ssdi to medicare transition,SSDI to Medicare: When Does It Start and What Are the Costs?,,Medicare,guide,informational,,,,8,1,Writing,,,2026-05-11,AI,
CU-122,chip income limits by state 2026,2026 CHIP Income Limits by State: Does Your Child Qualify?,,CHIP,reference,informational,,,,10,3,Low Priority,,,2026-05-11,AI,
CU-123,chip vs medicaid for children,CHIP vs Medicaid: Which Does Your Child Qualify For?,,CHIP,comparison,informational,,,,9,3,Low Priority,,,2026-05-11,AI,
CU-124,chip application mixed immigration status,Can Mixed-Status Families Apply for CHIP Without Risk?,,CHIP,scenario,informational,,,,9,3,Low Priority,,,2026-05-11,AI,
CU-125,chip joint custody which parent applies,CHIP and Joint Custody: Which Parent Should Apply?,,CHIP,scenario,informational,,,,8,3,Low Priority,,,2026-05-11,Google,
CU-126,va healthcare eligibility 2026,VA Healthcare Eligibility 2026: Who Qualifies and How to Enroll,,VA,guide,informational,,,,9,3,Low Priority,,,2026-05-11,AI,
CU-127,pact act va healthcare 2026,2026 PACT Act Expansion: Which Veterans Are Now Eligible for VA Care?,,VA,guide,informational,,,,9,3,Low Priority,,,2026-05-11,AI,
CU-128,va healthcare rating comparison,VA Healthcare Benefits by Disability Rating: 0% to 100% Compared,,VA,reference,informational,,,,9,3,Low Priority,,,2026-05-11,AI,
CU-129,va healthcare and medicare together,Can You Have VA Healthcare and Medicare at the Same Time?,,VA,scenario,informational,,,,8,3,Low Priority,,,2026-05-11,AI,
CU-130,va healthcare for spouse,Does VA Healthcare Cover Your Spouse and Dependents?,,VA,scenario,informational,,,,8,3,Low Priority,,,2026-05-11,Google,
CU-131,how to lower magi for aca subsidies,How to Lower Your MAGI to Qualify for ACA Subsidies in 2026,,ACA,guide,informational,,,,10,1,Writing,,,2026-05-11,AI,
CU-132,medicaid spend down explained,Medicaid Spend-Down: How the Medically Needy Qualify,,Medicaid,guide,informational,,,,9,3,Low Priority,,,2026-05-11,AI,
CU-133,miller trust medicaid 2026,What Is a Miller Trust? How to Qualify for Nursing Home Medicaid Over the Income Limit,,Medicaid,explainer,informational,,,,8,3,Low Priority,,,2026-05-11,AI,
CU-134,aca special enrollment period 2026,ACA Special Enrollment Period 2026: Who Qualifies and How to Apply,,ACA,guide,transactional,,,,10,1,Held,GATE A: slug contains year 2026,/blog/aca-special-enrollment-period-2026,2026-05-15,Google,
CU-135,medicaid estate recovery,Will Medicaid Take My House? Estate Recovery Rules Explained,,Medicaid,scenario,informational,,,,9,3,Low Priority,,,2026-05-11,AI,
CU-136,catastrophic health insurance over 30,Can You Buy a Catastrophic ACA Plan If You Are Over 30?,,ACA,scenario,informational,,,,8,1,Written,,/blog/catastrophic-health-insurance-over-30,2026-05-15,Google,
CU-137,medicaid gross or net income,Does Medicaid Use Gross or Net Income? MAGI Calculation Explained,,Medicaid,explainer,informational,,,,9,3,Low Priority,,,2026-05-11,AI,
CU-138,health insurance for college students,Health Insurance Options for College Students in 2026,,ACA,guide,transactional,,,,9,1,Duplicate,,,2026-05-11,Google,
CU-139,how to appeal medicaid denial,How to Appeal a Medicaid Denial (Step-by-Step Guide),,Medicaid,guide,transactional,,,,9,1,Written,,/blog/how-to-appeal-medicaid-denial,2026-05-15,Google,
CU-140,cheapest health insurance 2026,The Cheapest Health Insurance Options in 2026 (With and Without Subsidies),,ACA,guide,transactional,,,,10,1,Duplicate,,,2026-05-11,Google,
CU-142,does medicaid cover dental,Does Medicaid Cover Dental Care? What You Need to Know in 2026,,Medicaid,explainer,informational,,,,9,1,Held,GATE A: slug contains year 2026,/blog/does-medicaid-cover-dental-2026,2026-05-15,Google,
CU-143,does medicaid cover vision,Does Medicaid Cover Eye Exams and Glasses in 2026?,,Medicaid,explainer,informational,,,,9,3,Low Priority,,,2026-05-11,Google,
CU-144,does medicaid cover mental health,Does Medicaid Cover Therapy and Mental Health Services?,,Medicaid,explainer,informational,,,,9,3,Low Priority,,,2026-05-11,Google,
CU-145,does medicaid cover prescriptions,Does Medicaid Cover Prescription Drugs? A Complete Guide,,Medicaid,explainer,informational,,,,9,3,Low Priority,,,2026-05-11,Google,
CU-146,does medicaid cover surgery,Does Medicaid Cover Surgery? What Procedures Are Included,,Medicaid,explainer,informational,,,,8,3,Low Priority,,,2026-05-11,Google,
CU-147,how much does health insurance cost per month,How Much Does Health Insurance Cost Per Month in 2026?,,ACA,reference,informational,,,,10,3,Low Priority,,,2026-05-11,Google,
CU-148,what does health insurance cover,What Does Health Insurance Actually Cover? The 10 Essential Benefits,,ACA,explainer,informational,,,,10,1,Written,,/blog/what-does-health-insurance-cover,2026-05-15,AI,
CU-149,copay vs deductible vs coinsurance,Copay vs Deductible vs Coinsurance: Health Insurance Terms Explained Simply,,ACA,explainer,informational,,,,9,1,Ready,,,2026-05-11,AI,
CU-150,what is cobra insurance how much,What Is COBRA Insurance? How Much It Costs and When to Use It,,ACA,explainer,informational,,,,10,1,Ready,,,2026-05-11,Google,
CU-151,bronze vs silver vs gold health plans,Bronze vs Silver vs Gold Health Plans: Which ACA Plan Level Is Right for You?,,ACA,comparison,informational,,,,10,1,Ready,,,2026-05-11,AI,
CU-152,what happens if you dont have health insurance,What Happens If You Do Not Have Health Insurance in 2026?,,ACA,explainer,informational,,,,10,1,Ready,,,2026-05-11,Google,
CU-153,can i buy health insurance anytime,Can You Buy Health Insurance Outside of Open Enrollment?,,ACA,scenario,informational,,,,10,1,Ready,,,2026-05-11,Google,
CU-154,short term health insurance pros and cons,Short-Term Health Insurance: Is It Worth It in 2026?,,ACA,comparison,informational,,,,9,1,Ready,,,2026-05-11,Google,
CU-155,health insurance for immigrants 2026,Health Insurance Options for Immigrants in the US (2026 Guide),,ACA,guide,informational,,,,10,1,Ready,,,2026-05-11,AI,
CU-156,health insurance for doordash uber drivers,Health Insurance for DoorDash and Uber Drivers: Your Best Options in 2026,,ACA,guide,transactional,,,,10,1,Ready,,,2026-05-11,Google,
CU-157,how to negotiate hospital bills,How to Negotiate Hospital Bills and Reduce Medical Debt,,ACA,guide,transactional,,,,9,1,Written,,/blog/how-to-negotiate-hospital-bills,2026-05-12,Google,analyzer
CU-158,how to get cheaper prescription drugs,How to Get Cheaper Prescription Drugs in 2026 (With or Without Insurance),,ACA,guide,transactional,,,,9,3,Low Priority,,,2026-05-11,Google,
CU-159,what is open enrollment health insurance,What Is Open Enrollment? Health Insurance Dates and Deadlines for 2026,,ACA,explainer,informational,,,,10,3,Low Priority,,,2026-05-11,AI,
CU-160,dual eligible medicaid medicare,Dual Eligible: Having Both Medicaid and Medicare Explained,,Dual,explainer,informational,,,,9,1,Ready,,,2026-05-11,AI,
CU-161,medicaid look back period,The Medicaid Look-Back Period: What It Is and How It Works,,Medicaid,explainer,informational,,,,9,1,Ready,,,2026-05-11,AI,
CU-162,how long does medicaid application take,How Long Does It Take to Get Approved for Medicaid?,,Medicaid,scenario,informational,,,,9,3,Low Priority,,,2026-05-11,Google,
CU-163,medicaid for disabled adults,Medicaid for Adults With Disabilities: Eligibility and Benefits in 2026,,Medicaid,guide,informational,,,,9,3,Low Priority,,,2026-05-11,AI,
CU-164,health insurance for diabetics,Best Health Insurance Options for People With Diabetes in 2026,,ACA,guide,transactional,,,,9,1,Ready,,,2026-05-11,Google,
CU-165,marketplace subsidy calculator 2026,ACA Marketplace Subsidy Calculator: How Much Help Will You Get in 2026?,,ACA,reference,transactional,,,,10,1,Ready,,,2026-05-11,AI,
CU-166,medigap plans comparison chart 2026,Medigap Plans Comparison Chart 2026: Plans A Through N Side by Side,,Medicare,comparison,informational,,,,9,1,Ready,,,2026-05-11,AI,
CU-167,medicaid vs private insurance pros cons,Medicaid vs Private Insurance: Which Is Better for You?,,Medicaid,comparison,informational,,,,9,1,Ready,,,2026-05-11,AI,
CU-168,can you have two health insurance plans,Can You Have Two Health Insurance Plans at the Same Time?,,ACA,scenario,informational,,,,8,3,Low Priority,,,2026-05-11,Google,
CU-169,what is a health insurance premium,What Is a Health Insurance Premium and How Is It Calculated?,,ACA,explainer,informational,,,,9,1,Ready,,,2026-05-11,AI,
CU-170,pre existing conditions health insurance,Health Insurance With Pre-Existing Conditions: Your Rights in 2026,,ACA,explainer,informational,,,,10,1,Ready,,,2026-05-11,AI,
CU-171,how to pick the right health insurance plan,How to Choose the Right Health Insurance Plan (Step by Step),,ACA,guide,transactional,,,,10,1,Ready,,,2026-05-11,Google,
CU-172,medicaid application denied reasons,Why Was My Medicaid Application Denied? Common Reasons and What to Do,,Medicaid,scenario,transactional,,,,9,1,Ready,,,2026-05-11,Google,
CU-173,emergency room visit without insurance cost,How Much Does an ER Visit Cost Without Insurance? (And How to Handle It),,ACA,scenario,transactional,,,,10,1,Ready,,,2026-05-11,Google,
CU-174,health insurance tax credit explained,The Premium Tax Credit Explained: How ACA Subsidies Lower Your Costs,,ACA,explainer,informational,,,,10,1,Ready,,,2026-05-11,AI,
CU-175,hsa vs fsa which is better,HSA vs FSA: Which Health Savings Account Is Better for You?,,ACA,comparison,informational,,,,9,1,Ready,,,2026-05-11,AI,
CU-176,can you get medicaid while employed,Can You Get Medicaid If You Have a Job? Income Rules Explained,,Medicaid,scenario,informational,,,,10,1,Ready,,,2026-05-11,Google,
CU-177,health insurance for early retirees before 65,Health Insurance for Early Retirees: Bridging the Gap Before Medicare at 65,,ACA,guide,transactional,,,,10,3,Low Priority,,,2026-05-11,Google,
CU-178,what is medicaid and who qualifies,What Is Medicaid? Who Qualifies and What It Covers in 2026,,Medicaid,explainer,informational,,,,10,3,Low Priority,,,2026-05-11,AI,
CU-179,what is medicare and who qualifies,What Is Medicare? Who Qualifies and What It Covers in 2026,,Medicare,explainer,informational,,,,10,2,Ready,,,2026-05-11,AI,
CU-180,healthcare gov vs state marketplace,HealthCare.gov vs State Marketplace: Where Should You Apply?,,ACA,comparison,informational,,,,8,1,Ready,,,2026-05-11,AI,
CU-181,income too high for medicaid too low for aca,"Too Much for Medicaid, Too Little for ACA Subsidies: What Are Your Options?",,ACA,scenario,informational,,,,10,1,Ready,,,2026-05-11,AI,
CU-182,aca subsidy expiration 2026,ACA Subsidy Expiration 2026: What Changed and What to Do Now,,ACA,explainer,informational,,,,10,1,Ready,,,2026-05-11,Google,
CU-183,why did my health insurance go up 2026,Why Did My Health Insurance Premium Go Up So Much in 2026?,,ACA,explainer,informational,,,,10,1,Ready,,,2026-05-11,Google,
CU-184,affordable health insurance without subsidies,How to Find Affordable Health Insurance Without ACA Subsidies in 2026,,ACA,guide,transactional,,,,10,1,Ready,,,2026-05-11,Google,
CU-185,aca premium increase 2026,ACA Premium Increases 2026: State by State Breakdown,,ACA,reference,informational,,,,10,1,Ready,,,2026-05-11,Google,
CU-186,lost aca subsidy what to do,Lost Your ACA Subsidy? Here Are Your Options in 2026,,ACA,guide,transactional,,,,10,1,Ready,,,2026-05-11,AI,
CU-187,subsidy cliff health insurance 2026,The ACA Subsidy Cliff Is Back: What It Means for Your Premiums,,ACA,explainer,informational,,,,10,1,Ready,,,2026-05-11,AI,
CU-188,how to lower health insurance costs 2026,How to Lower Your Health Insurance Costs in 2026 (10 Real Options),,ACA,guide,transactional,,,,10,1,Ready,,,2026-05-11,Google,
CU-189,how to get health insurance,How to Get Health Insurance in 2026: A Step by Step Guide,,ACA,guide,transactional,,,,10,1,Ready,,,2026-05-11,Google,
CU-190,health insurance plans and prices 2026,Health Insurance Plans and Prices 2026: What to Expect,,ACA,reference,transactional,,,,10,1,Ready,,,2026-05-11,Google,
CU-191,obamacare plans 2026,Obamacare Plans 2026: What Is Available and How Much Does It Cost?,,ACA,reference,transactional,,,,10,1,Ready,,,2026-05-11,Google,
CU-192,affordable health insurance 2026,The Most Affordable Health Insurance Options in 2026,,ACA,guide,transactional,,,,10,1,Ready,,,2026-05-11,Google,
CU-193,apply for health insurance online,How to Apply for Health Insurance Online Through Healthcare.gov,,ACA,guide,transactional,,,,10,1,Ready,,,2026-05-11,Google,
CU-194,health insurance for families 2026,Best Health Insurance for Families in 2026: Plans and Costs,,ACA,guide,transactional,,,,10,1,Ready,,,2026-05-11,Google,
CU-195,free health insurance 2026,Can You Still Get Free Health Insurance in 2026?,,ACA,explainer,informational,,,,10,1,Ready,,,2026-05-11,Google,
CU-196,health insurance for kids 2026,"Health Insurance for Kids in 2026: CHIP, Medicaid, or Marketplace?",,ACA,comparison,transactional,,,,9,1,Ready,,,2026-05-11,Google,
CU-197,health insurance for pregnant women 2026,Health Insurance for Pregnant Women: Your Best Options in 2026,,ACA,guide,transactional,,,,10,1,Ready,,,2026-05-11,Google,
CU-198,health insurance for seniors under 65,Health Insurance for Seniors Under 65: Best Options Before Medicare,,ACA,guide,transactional,,,,10,1,Ready,,,2026-05-11,Google,
CU-199,medicare part a vs part b,Medicare Part A vs Part B: What Each Covers and What You Pay,,Medicare,comparison,informational,,,,10,1,Ready,,,2026-05-11,Google,
CU-200,medicare costs 2026,"How Much Does Medicare Cost in 2026? Premiums, Deductibles, and More",,Medicare,reference,informational,,,,10,1,Ready,,,2026-05-11,Google,
CU-201,best medicare advantage plans 2026,Best Medicare Advantage Plans in 2026: How to Choose,,Medicare,comparison,transactional,,,,10,1,Ready,,,2026-05-11,Google,
CU-202,medicare supplement plans 2026,Medicare Supplement (Medigap) Plans 2026: Costs and Coverage Compared,,Medicare,comparison,transactional,,,,10,1,Ready,,,2026-05-11,Google,
CU-203,when to sign up for medicare,When to Sign Up for Medicare: Enrollment Periods and Deadlines,,Medicare,explainer,informational,,,,10,1,Ready,,,2026-05-11,Google,
CU-204,medicare part d plans 2026,Medicare Part D Prescription Drug Plans 2026: What to Know,,Medicare,reference,informational,,,,9,1,Ready,,,2026-05-11,Google,
CU-205,turning 65 medicare checklist,Turning 65? Your Complete Medicare Enrollment Checklist,,Medicare,guide,transactional,,,,10,1,Ready,,,2026-05-11,Google,
CU-206,medicare annual enrollment period 2026,Medicare Annual Enrollment Period 2026: Dates and What You Can Change,,Medicare,reference,informational,,,,9,1,Ready,,,2026-05-11,Google,
CU-207,is medicare free,Is Medicare Free? What You Actually Pay in 2026,,Medicare,explainer,informational,,,,10,1,Ready,,,2026-05-11,Google,
CU-208,medicare for disabled under 65,Medicare for People Under 65 With Disabilities: How to Qualify,,Medicare,guide,informational,,,,9,1,Ready,,,2026-05-11,Google,
CU-209,medicare vs medicare advantage,Original Medicare vs Medicare Advantage: Which Is Better in 2026?,,Medicare,comparison,transactional,,,,10,1,Ready,,,2026-05-11,Google,
CU-210,health insurance cost calculator 2026,Health Insurance Cost Calculator: Estimate Your 2026 Premium,,ACA,reference,transactional,,,,10,1,Ready,,,2026-05-11,AI,
CU-211,medicare cost calculator 2026,Medicare Cost Calculator 2026: Estimate Your Total Costs,,Medicare,reference,transactional,,,,10,1,Ready,,,2026-05-11,AI,
CU-212,federal poverty level 2026,Federal Poverty Level 2026: Income Guidelines by Family Size,,ACA,reference,informational,,,,10,1,Ready,,,2026-05-11,Google,
CU-213,health insurance after divorce,Health Insurance After Divorce: Your Options and Next Steps,,ACA,scenario,transactional,,,,9,1,Ready,,,2026-05-11,Google,
CU-214,health insurance for freelancers 2026,Health Insurance for Freelancers in 2026: The Complete Guide,,ACA,guide,transactional,,,,10,1,Ready,,,2026-05-11,Google,
CU-215,health insurance for small business owners,Health Insurance for Small Business Owners: Individual vs Group Plans,,ACA,comparison,transactional,,,,10,1,Ready,,,2026-05-11,Google,
CU-216,health insurance for part time workers,Health Insurance Options for Part-Time Workers in 2026,,ACA,guide,transactional,,,,10,1,Ready,,,2026-05-11,Google,
CU-217,health insurance for new baby,Having a Baby? How to Add a Newborn to Your Health Insurance,,ACA,scenario,transactional,,,,9,1,Ready,,,2026-05-11,Google,
CU-218,health insurance after layoff,Laid Off? Your Health Insurance Options Explained,,ACA,scenario,transactional,,,,10,1,Ready,,,2026-05-11,Google,
CU-219,health insurance moving to new state,Moving to a New State? How to Switch Health Insurance,,ACA,scenario,transactional,,,,9,1,Ready,,,2026-05-11,Google,
CU-220,health insurance for 1099 contractors,Health Insurance for 1099 Independent Contractors: Best Options in 2026,,ACA,guide,transactional,,,,10,1,Ready,,,2026-05-11,Google,
CU-221,health insurance for newly married,Just Got Married? Your Health Insurance Options and Next Steps,,ACA,scenario,transactional,,,,9,1,Ready,,,2026-05-11,Google,
CU-100,medicare costs 2026,"2026 Medicare Costs: Every Premium, Deductible, and IRMAA Bracket",,Medicare,reference,informational,,,,10,1,Ready,Tier 1: AI citation magnet - data table,,2026-05-11,AI,
CU-101,medicare enrollment deadlines 2026,"Medicare Enrollment Deadlines 2026: Every Period, Penalty, and Exception",,Medicare,reference,informational,,,,10,1,Ready,Tier 1: AI citation magnet - dates + penalties,,2026-05-11,Google,
CU-102,aca subsidy amounts by income 2026,2026 ACA Subsidy Amounts by Income and Family Size,,ACA Marketplace,reference,informational,,,,10,1,Ready,Tier 1: AI citation magnet - subsidy table,,2026-05-11,AI,
CU-103,medicare part d costs 2026,"Medicare Part D Costs 2026: Premiums, Donut Hole Changes, and the New ,100 Cap",,Medicare,reference,informational,,,,10,1,Ready,Tier 1: AI citation magnet,,2026-05-11,Google,
CU-104,medicare savings program income limits 2026,"Medicare Savings Program Income Limits 2026: QMB, SLMB, and QI",,Medicare Savings Programs,reference,informational,,,,10,1,Ready,Tier 1: AI citation magnet,,2026-05-11,AI,
CU-105,irmaa brackets 2026,IRMAA Brackets 2026: Medicare Income Surcharge Tiers and Thresholds,,Medicare,reference,informational,,,,10,1,Ready,Tier 1: AI citation magnet,,2026-05-11,Google,
CU-106,chip income limits by state 2026,2026 CHIP Income Limits by State: Complete Eligibility Chart,,CHIP,reference,informational,,,,8,1,Ready,Tier 1: AI citation magnet,,2026-05-11,AI,
CU-107,turning 65 still working medicare,Turning 65 While Still Working: Do You Need Medicare?,,Medicare,scenario,informational,,,,10,1,Ready,"Tier 2: scenario - HSA conflict, employer size, COBRA trap",,2026-05-11,Google,
CU-108,cobra and medicare enrollment,I Am on COBRA: Do I Still Need to Sign Up for Medicare?,,Medicare,scenario,informational,,,,9,1,Ready,Tier 2: scenario - COBRA trap,,2026-05-11,AI,
CU-109,spouse on medicare under 65,My Spouse Has Medicare But I Am Under 65: What Do I Do?,,Medicare,scenario,informational,,,,9,1,Ready,Tier 2: scenario,,2026-05-11,Google,
CU-110,health insurance before medicare,Retired at 63: How to Get Health Insurance Before Medicare,,ACA Marketplace,scenario,informational,,,,9,1,Ready,Tier 2: scenario - gap coverage,,2026-05-11,AI,
CU-111,hsa and medicare conflict,HSA and Medicare: Why You Cannot Have Both,,Medicare,scenario,informational,,,,9,1,Ready,Tier 2: misconception/scenario,,2026-05-11,Google,
CU-112,irmaa surcharge explained,What Is IRMAA and Why Is Medicare Charging Me More?,,Medicare,scenario,informational,,,,9,1,Ready,Tier 2: scenario/data,,2026-05-11,AI,
CU-113,medicare late enrollment penalty,Medicare Late Enrollment Penalties: What They Cost You for Life,,Medicare,consequence,informational,,,,10,1,Ready,Tier 2: consequence - fear-driven,,2026-05-11,Google,
CU-114,things medicare does not cover,11 Things Medicare Does Not Cover That Most People Think It Does,,Medicare,misconception,informational,,,,10,1,Ready,Tier 2: misconception - shareable,,2026-05-11,AI,
CU-115,too much for medicaid cant afford marketplace,I Make Too Much for Medicaid But Cannot Afford Marketplace Insurance,,ACA Marketplace,scenario,informational,,,,10,1,Ready,Tier 2: coverage gap scenario,,2026-05-11,Google,
CU-116,aca subsidies 2026 changes,ACA Subsidies in 2026: What Changed After Enhanced Subsidies Expired,,ACA Marketplace,guide,informational,,,,10,1,Ready,Tier 2: timely - 114% premium increase,,2026-05-11,AI,
CU-117,lose medicaid income increase,Do I Lose Medicaid If I Get a Raise?,,Medicaid,scenario,informational,,,,9,1,Ready,Tier 2: scenario,,2026-05-11,Google,
CU-118,underestimate income aca subsidies,What Happens If I Underestimate My Income for ACA Subsidies?,,ACA Marketplace,consequence,informational,,,,9,1,Ready,Tier 2: consequence,,2026-05-11,AI,
CU-119,affordable prescriptions without insurance,How to Get Affordable Prescriptions Without Insurance in 2026,,General Health,guide,informational,,,,9,1,Ready,Tier 2: broader health zone,,2026-05-11,Google,
CU-120,medical bill cant pay options,I Got a Medical Bill I Cannot Pay: What Are My Options?,,General Health,guide,transactional,,,,9,1,Written,Tier 2: broader health zone - high anxiety,/blog/medical-bill-cant-pay-options,2026-05-12,AI,analyzer
CU-121,free low cost health clinics near me,Free and Low-Cost Health Clinics: How to Find Care Near You,,General Health,guide,transactional,,,,9,1,Ready,Tier 2: broader health zone,,2026-05-11,Google,
CU-122,short term health insurance worth it,Short-Term Health Insurance: Is It Worth It in 2026?,,General Health,comparison,informational,,,,8,1,Ready,Tier 2: broader health zone,,2026-05-11,AI,
CU-123,appeal denied health insurance claim,How to Appeal a Denied Health Insurance Claim Step by Step,,General Health,guide,informational,,,,9,1,Ready,Tier 2: broader health zone,,2026-05-11,Google,
CU-124,health insurance undocumented immigrants,Can You Get Health Insurance If You Are Undocumented?,,General Health,guide,informational,,,,8,1,Ready,Tier 2: broader health zone,,2026-05-11,AI,
CU-125,dual eligible medicare medicaid,Can You Have Both Medicare and Medicaid? Dual Eligibility Explained,,Dual,guide,informational,,,,10,1,Ready,Tier 2: crossover - 12M people,,2026-05-11,Google,
CU-126,no health insurance 2026 options,What Happens If You Do Not Have Health Insurance in 2026?,,General Health,consequence,informational,,,,10,1,Ready,Tier 2: consequence,,2026-05-11,AI,
CU-127,medigap plan g vs plan n,Medigap Plan G vs Plan N: Which Should You Choose?,,Medicare,comparison,informational,,,,8,1,Ready,Tier 3: comparison,,2026-05-11,Google,
CU-128,bronze silver gold aca plans,Bronze vs Silver vs Gold ACA Plans: Actual Cost Differences,,ACA Marketplace,comparison,informational,,,,9,1,Ready,Tier 3: comparison,,2026-05-11,AI,
CU-129,medicare vs employer insurance 65,Medicare vs Employer Insurance at 65: Which Should You Keep?,,Medicare,comparison,informational,,,,9,1,Ready,Tier 3: comparison,,2026-05-11,Google,
CU-130,hospital charity care 501r forgiveness,How to Apply for IRS 501(r) Hospital Charity Care Forgiveness,,Medical Debt,informational,Informational,,,,9,1,Written,"Tier 1 - crisis query, 501r mandate unknown to most patients",/blog/hospital-charity-care-501r-forgiveness,2026-05-12,AI,analyzer
CU-131,statute of limitations medical debt by state,State-by-State Statute of Limitations on Medical Debt (2026),,Medical Debt,informational,Informational,,,,9,1,Written,"Tier 1 - 50-state reference table, high citation magnet",/blog/statute-of-limitations-medical-debt-by-state,2026-05-12,AI,analyzer
CU-132,how medical debt affects credit score 2026,How Medical Debt Affects Credit Scores in 2026,,Medical Debt,informational,Informational,,,,9,1,Written,"Tier 1 - rule changes in 2023-2026, needs fresh authoritative source",/blog/how-medical-debt-affects-credit-score-2026,2026-05-12,AI,analyzer
CU-133,how to audit itemized hospital bill,The Ultimate Guide to Requesting and Auditing an Itemized Hospital Bill,,Medical Debt,informational,Informational,,,,9,1,Written,"Tier 1 - crisis query, step-by-step procedural guide",/blog/how-to-audit-itemized-hospital-bill,2026-05-12,AI,analyzer
CU-134,no surprises act emergency room bills,How to Invoke the No Surprises Act for Emergency Room Bills,,Medical Debt,informational,Informational,,,,9,1,Written,"Tier 1 - federal law plain-language breakdown, high search volume",/blog/no-surprises-act-emergency-room-bills,2026-05-13,AI,analyzer
CU-135,how to get insulin without insurance 2026,How to Get Insulin When Uninsured in 2026,,Pharma,informational,Informational,,,,9,1,Ready,"Tier 1 - life-or-death crisis query, federal cap + manufacturer programs",,2026-05-12,AI,
CU-136,medicare part d donut hole 2026,Navigating Medicare Part D Coverage Gaps (The Donut Hole in 2026),,Medicare,informational,Informational,,,,9,1,Ready,"Tier 1 - updated annually, confusing topic, strong citation target",,2026-05-12,AI,
CU-137,patient assistance programs top drugs,How to Access Patient Assistance Programs (PAPs) for Top 50 Drugs,,Pharma,informational,Informational,,,,9,1,Ready,"Tier 1 - comprehensive directory, AI citation magnet",,2026-05-12,AI,
CU-138,medicare spouse trap younger spouse insurance,"The ""Medicare-Spouse"" Trap: Health Insurance for Younger Spouses",,Medicare,informational,Informational,,,,9,1,Ready,"Tier 1 - unique framing, real gap, no good existing source",,2026-05-12,AI,
CU-139,medicaid unwinding wrongfully terminated,Medicaid Unwinding: What to Do If You Were Wrongfully Terminated,,Medicaid,informational,Informational,,,,9,1,Ready,"Tier 1 - ongoing post-COVID crisis, urgent query",,2026-05-12,AI,
CU-140,pregnancy uninsured medicaid coverage,Pregnancy and the Uninsured: Immediate Medicaid Coverage Options,,Medicaid,informational,Informational,,,,9,1,Ready,"Tier 1 - crisis query, state-specific data, table-friendly",,2026-05-12,AI,
CU-141,cost of medical procedures without insurance 2026,Average Cost of 25 Common Medical Procedures Without Insurance (2026),,Healthcare Costs,informational,Informational,,,,9,1,Written,"Tier 1 - pure data table, AI engines love citing procedure prices",/blog/cost-of-medical-procedures-without-insurance-2026,2026-05-13,AI,analyzer
CU-142,er vs urgent care vs telehealth cost comparison,ER vs Urgent Care vs Telehealth: When to Go Where (With Cost Comparison),,Healthcare Costs,informational,Informational,,,,9,1,Written,"Tier 1 - decision tree + cost data, millions of monthly searches",/blog/er-vs-urgent-care-vs-telehealth-cost-comparison,2026-05-13,AI,analyzer
CU-143,hospital financial assistance 100 largest hospitals,Hospital Financial Assistance Policies: What the 100 Largest U.S. Hospitals Offer,,Medical Debt,informational,Informational,,,,9,1,Written,"Tier 1 - unique database, no existing source compiles all major hospitals",/blog/hospital-financial-assistance-100-largest-hospitals,2026-05-13,AI,analyzer
CU-144,state surprise medical bill protections,State-by-State: Does Your State Protect You From Surprise Medical Bills?,,Medical Debt,informational,Informational,,,,9,1,Written,"Tier 1 - state-level data beyond No Surprises Act, 50-state reference",/blog/state-surprise-medical-bill-protections,2026-05-13,AI,analyzer
CU-145,hospital prompt pay cash discount,How to Ask a Hospital for a Prompt-Pay Cash Discount,,Medical Debt,informational,Informational,,,,7,2,Ready,"Tier 2 - practical tip, avg discount percentages for AI extraction",,2026-05-12,AI,analyzer
CU-146,debt collector violates fdcpa medical bills,What to Do When a Debt Collector Violates the FDCPA for Medical Bills,,Medical Debt,informational,Informational,,,,7,2,Ready,"Tier 2 - consumer protection law, procedural guide",,2026-05-12,AI,analyzer
CU-147,charity care application denied appeal,What to Do When Charity Care Applications are Unfairly Denied,,Medical Debt,informational,Informational,,,,7,2,Ready,"Tier 2 - appeals process, often overlooked",,2026-05-12,AI,analyzer
CU-148,medical billing advocate when to hire,The Role of Medical Billing Advocates and When to Hire One,,Medical Debt,informational,Informational,,,,7,2,Ready,"Tier 2 - explains third-party advocates, when bill is complex enough",,2026-05-12,AI,analyzer
CU-149,dispute out of network anesthesiology radiology bills,Disputing Out-of-Network Anesthesiology and Radiology Bills,,Medical Debt,informational,Informational,,,,7,2,Ready,Tier 2 - most common surprise billing sources in emergency scenarios,,2026-05-12,AI,analyzer
CU-150,medical debt after death of spouse,How to Handle Medical Debt After the Death of a Spouse,,Medical Debt,informational,Informational,,,,7,2,Ready,"Tier 2 - probate laws, surviving spouse liability, emotionally urgent",,2026-05-12,AI,analyzer
CU-151,leave hospital against medical advice insurance,What Happens If You Leave the Hospital AMA — Will Insurance Still Pay?,,Medical Debt,informational,Informational,,,,7,2,Ready,"Tier 2 - common myth, definitive answer needed, state nuance",,2026-05-12,AI,analyzer
CU-152,medical debt after death state guide,What Happens to Your Medical Debt When You Die? (State-by-State Guide),,Medical Debt,informational,Informational,,,,7,2,Ready,Tier 2 - community property vs common law states table,,2026-05-12,AI,analyzer
CU-153,health plan denies prior authorization drug,What to Do If Your Health Plan Denies Prior Authorization for a Drug,,Pharma,informational,Informational,,,,7,2,Ready,"Tier 2 - appeals procedural guide, frequent insurance denial scenario",,2026-05-12,AI,
CU-154,state pharmaceutical assistance programs spap,State Pharmaceutical Assistance Programs (SPAPs) Explained,,Pharma,informational,Informational,,,,7,2,Ready,"Tier 2 - state-by-state breakdown, localized AI queries",,2026-05-12,AI,
CU-155,tier exception specialty medications insurance,How to Request Tier Exceptions for Specialty Medications,,Pharma,informational,Informational,,,,7,2,Ready,"Tier 2 - step-by-step for non-formulary drugs, procedural",,2026-05-12,AI,
CU-156,340b pricing community health centers prescriptions,Using Community Health Centers (340B Pricing) for Cheaper Prescriptions,,Pharma,informational,Informational,,,,7,2,Ready,"Tier 2 - federal 340B program, FQHCs, sliding-scale discount",,2026-05-12,AI,
CU-157,biosimilars 2026 alternatives biologics,Alternatives to Expensive Biologics: Biosimilars in 2026,,Pharma,informational,Informational,,,,7,2,Ready,"Tier 2 - growing market, patients can request biosimilars",,2026-05-12,AI,
CU-158,appeal medicare part d drug denial,How to Appeal a Medicare Part D Drug Denial,,Medicare,informational,Informational,,,,7,2,Ready,Tier 2 - specific admin steps for Medicare beneficiaries,,2026-05-12,AI,
CU-159,disease specific charity funds directory,Disease-Specific Charity Funds: A Complete Directory,,Pharma,informational,Informational,,,,7,2,Ready,"Tier 2 - categorized by disease state, directory format for AI extraction",,2026-05-12,AI,
CU-160,goodrx vs cost plus drugs vs manufacturer coupons,GoodRx vs Cost Plus Drugs vs Manufacturer Coupons: Which Saves More?,,Pharma,informational,Comparison,,,,7,2,Ready,Tier 2 - comparison table across 20 most expensive common prescriptions,,2026-05-12,AI,
CU-161,generic vs brand name drug price comparison,Generic vs Brand-Name Drug Price Comparison: 30 Most Prescribed Medications,,Pharma,informational,Informational,,,,7,2,Ready,"Tier 2 - price table for top 30 drugs, AI citation magnet",,2026-05-12,AI,
CU-162,turning 26 off parents insurance guide,Turning 26: Step-by-Step Guide to Transitioning Off Parent's Insurance,,ACA,informational,Informational,,,,7,2,Ready,"Tier 2 - most predictable coverage loss event, monthly search spikes",,2026-05-12,AI,
CU-163,lost job cobra vs aca marketplace compared,Lost Your Job? COBRA vs ACA Marketplace Coverage Compared,,ACA,informational,Comparison,,,,7,2,Ready,Tier 2 - most common post-job insurance comparison query,,2026-05-12,AI,
CU-164,basic health program bhp qualify ny mn or dc,"The Basic Health Program (BHP): Who Qualifies in NY, MN, OR, and DC",,ACA,informational,Informational,,,,7,2,Ready,"Tier 2 - state-level expansion 138-200% FPL, underserved topic",,2026-05-12,AI,
CU-165,aca family glitch fix 2026,"Navigating the ACA ""Family Glitch"" Fix in 2026",,ACA,informational,Informational,,,,7,2,Ready,"Tier 2 - recent regulatory change, affects dependents",,2026-05-12,AI,
CU-166,health insurance early retirees ages 55 64,Health Insurance for Early Retirees (Ages 55-64),,ACA,informational,Informational,,,,7,2,Ready,"Tier 2 - bridge to Medicare strategies, income management for ACA credits",,2026-05-12,AI,
CU-167,health insurance after divorce,Health Insurance After Divorce: Who Keeps Coverage?,,ACA,informational,Informational,,,,7,2,Ready,"Tier 2 - qualifying life event, COBRA vs ACA, high emotional intent",,2026-05-12,AI,
CU-168,veterans civilian health insurance va vs marketplace,Veterans Transitioning to Civilian Health Insurance,,Healthcare Costs,informational,Informational,,,,7,2,Ready,"Tier 2 - VA eligibility requirements, Tricare, ACA comparison",,2026-05-12,AI,
CU-169,medical bills health insurance tax return,How Medical Bills and Health Insurance Affect Your Tax Return,,Healthcare Costs,informational,Informational,,,,7,2,Ready,"Tier 2 - tax season queries, 1095-A reconciliation, medical deductions",,2026-05-12,AI,analyzer
CU-170,catastrophic health plans who should buy,Catastrophic Health Plans: Who Should Buy Them?,,ACA,informational,Informational,,,,7,2,Ready,"Tier 2 - age restrictions, hardship exemptions, clear use case",,2026-05-12,AI,
CU-171,health care sharing ministries vs insurance,Health Care Sharing Ministries vs Traditional Insurance,,Alternative,informational,Comparison,,,,5,3,Ready,"Tier 3 - legal/financial distinctions, comparison table",,2026-05-12,AI,
CU-172,federally qualified health centers fqhc access,How to Access Federally Qualified Health Centers (FQHCs),,Alternative,informational,Informational,,,,5,3,Ready,"Tier 3 - sliding-scale fee mandate, federal funding explained",,2026-05-12,AI,
CU-173,zion healthshare vs medishare comparison,Pros and Cons of Zion HealthShare vs Medi-Share,,Alternative,informational,Comparison,,,,5,3,Ready,"Tier 3 - direct feature comparison, secular vs faith-based",,2026-05-12,AI,
CU-174,sliding scale clinics mental health services,Using Sliding-Scale Clinics for Mental Health Services,,Alternative,informational,Informational,,,,5,3,Ready,Tier 3 - community behavioral health center directories,,2026-05-12,AI,
CU-175,pre existing conditions health sharing ministries,Pre-Existing Condition Clauses in Health Sharing Ministries,,Alternative,informational,Informational,,,,5,3,Ready,"Tier 3 - waiting periods, phased limits in HCSM industry",,2026-05-12,AI,
CU-176,affordable vision care glasses without insurance,Finding Affordable Vision Care and Glasses Without Insurance,,Alternative,informational,Informational,,,,5,3,Ready,"Tier 3 - charitable vision programs, discount retail options",,2026-05-12,AI,
CU-177,cash pay surgery centers out of pocket,Navigating Out-of-Pocket Cash Pay Surgery Centers,,Alternative,informational,Informational,,,,5,3,Ready,Tier 3 - transparent cash pricing trend for elective procedures,,2026-05-12,AI,
CU-178,healthshare maternity benefits limitations,HealthShare Maternity Benefits and Limitations,,Alternative,informational,Informational,,,,5,3,Ready,"Tier 3 - strict sharing caps, conception timelines for sharing plans",,2026-05-12,AI,
CU-179,short term health insurance limitations by state,Short-Term Health Insurance Limitations by State,,ACA,informational,Informational,,,,5,3,Ready,"Tier 3 - new federal rules, states that banned short-term plans",,2026-05-12,AI,
CU-180,manufacturer grant programs cancer treatment,Manufacturer Grant Programs for Cancer Treatment,,Pharma,informational,Informational,,,,5,3,Ready,"Tier 3 - PAN Foundation, HealthWell Foundation, oncology patients",,2026-05-12,AI,
CU-181,can you use goodrx with medicare,Can You Use GoodRx If You Have Medicare?,,Medicare,informational,Informational,,,,5,3,Ready,"Tier 3 - common question, specific rules around pharmacy discount + federal insurance",,2026-05-12,AI,
CU-182,negotiating medical bills in collections script templates,Script Templates for Negotiating Medical Bills in Collections,,Medical Debt,informational,Informational,,,,5,3,Ready,"Tier 3 - verbatim phrasing AI can extract, needs disclaimer",,2026-05-12,AI,analyzer
CU-183,aca open enrollment checklist before deadline,ACA Open Enrollment Checklist: 10 Things Before the Deadline,,ACA,informational,Informational,,,,5,3,Ready,"Tier 3 - seasonal content, annual refresh, Nov-Jan search spikes",,2026-05-12,AI,
CU-184,medical bills after car accident pip subrogation,Navigating Medical Bills After a Car Accident: PIP and Subrogation,,Medical Debt,informational,Informational,,,,5,3,Ready,"Tier 3 - auto/health insurance intersection, needs disclaimer",,2026-05-12,AI,analyzer
CU-185,import medications from canada pharmacies,How to Safely Import Medications from Canadian Pharmacies,,Pharma,informational,Informational,,,,5,3,Ready,"Tier 3 - legal gray area, FDA personal importation policy, heavy disclaimers",,2026-05-12,AI,
CU-300,medical debt credit report 2026,Is Medical Debt on Your Credit Report in 2026? The CFPB Rule Was Vacated -- Here's What Actually Applies,,Healthcare Costs,informational,informational,,,,7,1,Writing,"From deep research Report A rank #1. Gap 10/10, Difficulty 4/10. July 2025 CFPB vacatur freshness arbitrage",,2026-05-12,AI,analyzer
CU-301,how to dispute medical bill,How to Dispute a Hospital Bill: Line-by-Line Walkthrough (2026),,Medical Debt,guide,transactional,,,,6,1,Writing,"From deep research Report A rank #2. Gap 7/10, Difficulty 5/10. Direct CTA to analyzer; current top results dated",,2026-05-12,AI,analyzer
CU-302,ER visit cost,How Much Should an ER Visit Cost? CPT 99284 and 99285 vs. Your Bill,,Healthcare Costs,comparison,informational,,,,7,1,Writing,"From deep research Report A rank #3. Gap 9/10, Difficulty 4/10. Level 4/5 ER 6x-35x Medicare; viral",,2026-05-12,AI,analyzer
CU-303,hospital charity care,Hospital Charity Care: Do You Qualify in 2026? (State-by-State + FPL Calculator),,Medical Debt,guide,transactional,,,,6,1,Writing,"From deep research Report A rank #4. Gap 6/10, Difficulty 5/10. Funnels to analyzer screener; Dollar For gap",,2026-05-12,AI,analyzer
CU-304,HCA charity care,"HCA Healthcare Charity Care: Income Limits, Application, and Hidden Steps",,Medical Debt,guide,transactional,,,,7,1,Writing,"From deep research Report A rank #5. Gap 9/10, Difficulty 4/10. Largest for-profit; FAP varies by state; AI confused",,2026-05-12,AI,analyzer
CU-305,why hospital charge so much Tylenol,Why Hospitals Charge $200 for a Tylenol: The Chargemaster Explained,,Medical Debt,informational,informational,,,,8,1,Held,GATE C: 0 authoritative .gov citations,/blog/why-hospitals-charge-so-much-for-tylenol,2026-05-15,AI,analyzer
CU-306,what is CPT 99284,What Is CPT Code 99284? Decoded for Patients (Not Coders),,Medical Debt,informational,informational,,,,8,1,Written,"From deep research Report A rank #7. Gap 9/10, Difficulty 3/10. AAPC coder-focused; Bing rewards plain-English",/blog/what-is-cpt-code-99284,2026-05-15,AI,analyzer
CU-307,what is CPT 99285,What Is CPT Code 99285? Why Level 5 ER Visits Cost So Much,,Medical Debt,informational,informational,,,,8,1,Written,"From deep research Report A rank #8. Gap 9/10, Difficulty 3/10. Highest-charge ER code; viral",/blog/what-is-cpt-99285-level-5-er-visit-cost,2026-05-15,AI,analyzer
CU-308,what is a facility fee,What Is a Facility Fee -- and Why You're Being Billed Twice,,Medical Debt,informational,informational,,,,7,1,Held,GATE C: 0 authoritative .gov citations,/blog/what-is-a-facility-fee,2026-05-15,AI,analyzer
CU-309,California medical debt law,"California Medical Debt Law 2026: Hospital Fair Pricing Act, SB 1061, and What's New",CA,Medical Debt,informational,informational,,,,6,1,Held,"GATE A+B+C: slug has year, FPL table <9 rows, 0 .gov citations",/blog/california-medical-debt-law-2026,2026-05-15,AI,analyzer
CU-310,MRI cost,How Much Does an MRI Cost in 2026? CPT 70553/72148 vs. Hospital Chargemaster,,Healthcare Costs,comparison,informational,,,,6,1,Ready,"From deep research Report A rank #11. Gap 9/10, Difficulty 5/10. Highest-volume imaging query",,2026-05-12,AI,analyzer
CU-311,Cleveland Clinic financial assistance,"Cleveland Clinic Charity Care 2026: Income Thresholds, Application, and What to Submit",,Medical Debt,guide,transactional,,,,7,1,Ready,"From deep research Report A rank #12. Gap 8/10, Difficulty 4/10. Up to 400% FPL; high-search brand",,2026-05-12,AI,analyzer
CU-312,Mayo Clinic financial assistance,Mayo Clinic Charity Care: Who Qualifies in 2026 (Up to 400% FPL),,Medical Debt,guide,transactional,,,,7,1,Ready,"From deep research Report A rank #13. Gap 8/10, Difficulty 4/10. Generous policy; high search",,2026-05-12,AI,analyzer
CU-313,medical bill dispute letter template,Sample Medical Bill Dispute Letter (Free Template + Hospital-Specific Generator),,Medical Debt,guide,transactional,,,,7,1,Ready,"From deep research Report A rank #14. Gap 7/10, Difficulty 4/10. Direct tool integration",,2026-05-12,AI,analyzer
CU-314,colonoscopy cost,How Much Does a Colonoscopy Cost? CPT 45378 Medicare Rate vs. What Hospitals Charge,,Healthcare Costs,comparison,informational,,,,6,1,Ready,"From deep research Report A rank #15. Gap 8/10, Difficulty 5/10. Highest-volume screening",,2026-05-12,AI,analyzer
CU-315,New York medical debt law,New York Hospital Financial Assistance Law: Up to 500% FPL Sliding Scale (2026),NY,Medical Debt,informational,informational,,,,6,1,Ready,"From deep research Report A rank #16. Gap 7/10, Difficulty 5/10. NY law one of strictest",,2026-05-12,AI,analyzer
CU-316,how to negotiate hospital bill,How to Negotiate a Hospital Bill: 7 Scripts That Actually Work (2026),,Medical Debt,guide,transactional,,,,6,1,Ready,"From deep research Report A rank #17. Gap 6/10, Difficulty 5/10. We add Medicare-comparison hook",,2026-05-12,AI,analyzer
CU-317,how to request itemized hospital bill,How to Request an Itemized Hospital Bill (and Why You Must Before Disputing),,Medical Debt,guide,transactional,,,,8,1,Ready,"From deep research Report A rank #18. Gap 8/10, Difficulty 3/10. Foundational step before analyzer use",,2026-05-12,AI,analyzer
CU-318,no surprises act 2026,No Surprises Act 2026: What's Still Protected and What's Not,,Medical Debt,informational,transactional,,,,6,1,Ready,"From deep research Report A rank #19. Gap 8/10, Difficulty 5/10. QPA enforcement discretion to Aug 2026",,2026-05-12,AI,analyzer
CU-319,no surprises act how to file IDR,What Is a Surprise Medical Bill and How to Use the No Surprises Act IDR Portal,,Medical Debt,guide,transactional,,,,6,1,Ready,"From deep research Report A rank #20. Gap 7/10, Difficulty 5/10. CMS portal unusable; lay walkthrough wins",,2026-05-12,AI,analyzer
CU-320,CT scan cost,How Much Does a CT Scan Cost? CPT 74177 vs. Your Hospital's Chargemaster,,Healthcare Costs,comparison,informational,,,,6,1,Ready,"From deep research Report A rank #21. Gap 9/10, Difficulty 5/10. Massive markup variance; under-indexed",,2026-05-12,AI,analyzer
CU-321,Kaiser Permanente financial assistance,Kaiser Permanente Charity Care: How Self-Pay Patients Qualify in 2026,,Medical Debt,guide,transactional,,,,7,1,Ready,"From deep research Report A rank #22. Gap 7/10, Difficulty 4/10. Largest US system by revenue",,2026-05-12,AI,analyzer
CU-322,Texas medical debt,Texas Medical Debt: No Statewide Charity Care Floor -- What You Can Still Do,TX,Medical Debt,informational,informational,,,,7,1,Ready,"From deep research Report A rank #23. Gap 9/10, Difficulty 4/10. TX weakest protections; large pop",,2026-05-12,AI,analyzer
CU-323,what is upcoding,What Is Upcoding? How to Spot It on Your Hospital Bill,,Medical Debt,informational,informational,,,,8,1,Ready,"From deep research Report A rank #24. Gap 8/10, Difficulty 3/10. Direct analyzer use case; viral term",,2026-05-12,AI,analyzer
CU-324,what is unbundling medical billing,What Is Unbundling in Medical Billing? Real Examples + How to Catch It,,Medical Debt,informational,informational,,,,8,1,Ready,"From deep research Report A rank #25. Gap 8/10, Difficulty 3/10. NCCI explainer; tool's bread and butter",,2026-05-12,AI,analyzer
CU-325,Florida medical debt law,"Florida Medical Debt 2026: AdventHealth, HCA Florida, and Charity Care Rules",FL,Medical Debt,informational,informational,,,,7,2,Ready,"From deep research Report A rank #26. Gap 8/10, Difficulty 4/10. Large pop, weak state protection, two systems",,2026-05-12,AI,analyzer
CU-326,C-section cost,How Much Does a C-Section Cost in 2026? CPT 59510 Reality Check,,Healthcare Costs,comparison,informational,,,,6,2,Ready,"From deep research Report A rank #27. Gap 8/10, Difficulty 5/10. KFF 2018 data still cited; modern needed",,2026-05-12,AI,analyzer
CU-327,Illinois medical debt law,Illinois Hospital Fair Billing Act: Up to 200% FPL Free Care Rules (2026),IL,Medical Debt,informational,informational,,,,7,2,Ready,"From deep research Report A rank #28. Gap 7/10, Difficulty 4/10. Generous state law",,2026-05-12,AI,analyzer
CU-328,air ambulance bill,"Air Ambulance Bill of $50,000? Here's How to Fight It Under the No Surprises Act",,Medical Debt,guide,transactional,,,,6,2,Ready,"From deep research Report A rank #29. Gap 8/10, Difficulty 5/10. NSA covers air ambulance; high-emotion",,2026-05-12,AI,analyzer
CU-329,anesthesia bill separate,Anesthesia Bill Charged Separately? Here's Why and What to Do,,Medical Debt,informational,informational,,,,7,2,Ready,"From deep research Report A rank #30. Gap 9/10, Difficulty 4/10. 28x Medicare markup; analyzer use case",,2026-05-12,AI,analyzer
CU-330,appendectomy cost,How Much Does an Appendectomy Cost? CPT 44970 vs. Hospital Chargemaster,,Healthcare Costs,comparison,informational,,,,6,2,Ready,"From deep research Report A rank #31. Gap 7/10, Difficulty 5/10. AllClinics + CMS PPL; viral procedure",,2026-05-12,AI,analyzer
CU-331,Cedars-Sinai financial assistance,Cedars-Sinai Charity Care: Income Limits and Application (2026),CA,Medical Debt,guide,transactional,,,,7,2,Ready,"From deep research Report A rank #32. Gap 8/10, Difficulty 4/10. CA Hospital Fair Pricing Act applies",,2026-05-12,AI,analyzer
CU-332,Mass General financial assistance,Mass General Brigham Charity Care: Massachusetts Health Safety Net Path,MA,Medical Debt,guide,transactional,,,,7,2,Ready,"From deep research Report A rank #33. Gap 7/10, Difficulty 4/10. MA HSN unique",,2026-05-12,AI,analyzer
CU-333,Maryland medical debt,Maryland All-Payer System: Why Hospital Bills Are Lower (and Still Disputable),MD,Medical Debt,informational,informational,,,,7,2,Ready,"From deep research Report A rank #34. Gap 8/10, Difficulty 4/10. MD all-payer unique; viral",,2026-05-12,AI,analyzer
CU-334,knee replacement cost,How Much Does a Knee Replacement Cost? CPT 27447 Bundled Reality,,Healthcare Costs,comparison,informational,,,,5,2,Ready,"From deep research Report A rank #35. Gap 7/10, Difficulty 6/10. DRG-based; bundled payment",,2026-05-12,AI,analyzer
CU-335,what is modifier 25,What Is Modifier 25? When Hospitals Use It (and Sometimes Misuse It),,Medical Debt,informational,informational,,,,8,2,Ready,"From deep research Report A rank #36. Gap 8/10, Difficulty 3/10. NCCI rule core; analyzer flag",,2026-05-12,AI,analyzer
CU-336,level 5 ER visit,"What Is a Level 5 ER Visit (CPT 99285)? When It's Justified, When It's Upcoding",,Medical Debt,informational,informational,,,,7,2,Ready,"From deep research Report A rank #37. Gap 9/10, Difficulty 4/10. Highest-margin ER level",,2026-05-12,AI,analyzer
CU-337,Washington medical debt law,"Washington Charity Care Law: Up to 300% FPL Free, Up to 400% Discount (2026)",WA,Medical Debt,informational,informational,,,,7,2,Ready,"From deep research Report A rank #38. Gap 7/10, Difficulty 4/10. 2022 expanded law; under-indexed",,2026-05-12,AI,analyzer
CU-338,New Jersey charity care,New Jersey Charity Care: State-Funded Program Application (2026),NJ,Medical Debt,guide,informational,,,,7,2,Ready,"From deep research Report A rank #39. Gap 7/10, Difficulty 4/10. State-funded program unique",,2026-05-12,AI,analyzer
CU-339,Ascension financial assistance,Ascension Hospital Charity Care: Catholic System FAP by State,,Medical Debt,guide,transactional,,,,7,2,Ready,"From deep research Report A rank #40. Gap 8/10, Difficulty 4/10. Multi-state confusion",,2026-05-12,AI,analyzer
CU-340,duplicate charges hospital bill,Why You Got Two Charges for the Same Service: Duplicate Billing Decoded,,Medical Debt,informational,informational,,,,8,2,Ready,"From deep research Report A rank #41. Gap 9/10, Difficulty 3/10. Iconic analyzer flag; viral",,2026-05-12,AI,analyzer
CU-341,hospital bill saline bag cost,$800 for an IV Bag (J7030)? How Hospitals Mark Up Saline 800x,,Medical Debt,informational,informational,,,,8,2,Ready,"From deep research Report A rank #42. Gap 10/10, Difficulty 3/10. Best AI-citation arbitrage; viral",,2026-05-12,AI,analyzer
CU-342,what is the chargemaster,What Is the Chargemaster? The Price List Hospitals Don't Want You to Read,,Medical Debt,informational,informational,,,,7,2,Ready,"From deep research Report A rank #43. Gap 7/10, Difficulty 4/10. Foundational; analyzer's data source",,2026-05-12,AI,analyzer
CU-343,Providence financial assistance,Providence Health Charity Care: Up to 400% FPL Discount (2026),,Medical Debt,guide,transactional,,,,7,2,Ready,"From deep research Report A rank #44. Gap 7/10, Difficulty 4/10. Most generous; viral angle",,2026-05-12,AI,analyzer
CU-344,gallbladder surgery cost,How Much Does a Gallbladder Surgery (Laparoscopic Cholecystectomy) Cost?,,Healthcare Costs,comparison,informational,,,,6,2,Ready,"From deep research Report A rank #45. Gap 7/10, Difficulty 5/10. High volume; KFF 2018 refresh",,2026-05-12,AI,analyzer
CU-345,what is balance billing,What Is Balance Billing -- and When Is It Illegal? (NSA Walkthrough),,Medical Debt,informational,informational,,,,7,2,Ready,"From deep research Report A rank #46. Gap 6/10, Difficulty 4/10. NSA banned in many cases",,2026-05-12,AI,analyzer
CU-346,medical bill collections,Hospital Bill Sent to Collections? Here's What to Do First (2026),,Medical Debt,guide,transactional,,,,6,2,Ready,"From deep research Report A rank #47. Gap 7/10, Difficulty 5/10. High emotional; CFPB vacatur hotter",,2026-05-12,AI,analyzer
CU-347,hip replacement cost,How Much Does a Hip Replacement Cost? CPT 27130 vs. Chargemaster,,Healthcare Costs,comparison,informational,,,,5,2,Ready,"From deep research Report A rank #48. Gap 7/10, Difficulty 6/10. High-volume elective; bundled DRG",,2026-05-12,AI,analyzer
CU-348,UPMC financial assistance,UPMC Financial Assistance: Pennsylvania's Largest System Charity Care,PA,Medical Debt,guide,transactional,,,,7,2,Ready,"From deep research Report A rank #49. Gap 8/10, Difficulty 4/10. PA's biggest; under-indexed",,2026-05-12,AI,analyzer
CU-349,Connecticut medical debt,Connecticut Medical Debt 2026: New Credit Reporting Ban + Charity Care,CT,Medical Debt,informational,informational,,,,7,2,Ready,"From deep research Report A rank #50. Gap 8/10, Difficulty 4/10. 2024 law; under-indexed",,2026-05-12,AI,analyzer
CU-350,Minnesota medical debt,"Minnesota Debt Fairness Act: No Spouse Liability, No Garnishment (2026)",MN,Medical Debt,informational,informational,,,,7,3,Ready,"From deep research Report A rank #51. Gap 8/10, Difficulty 4/10. 2024 landmark law; viral",,2026-05-12,AI,analyzer
CU-351,Northwell financial assistance,Northwell Health Charity Care: New York's Largest Health System FAP,NY,Medical Debt,guide,transactional,,,,7,3,Ready,"From deep research Report A rank #52. Gap 8/10, Difficulty 4/10. NY law applies; under-indexed",,2026-05-12,AI,analyzer
CU-352,cardiac stent cost,How Much Does a Heart Stent Cost? CPT 92928 Reality Check,,Healthcare Costs,comparison,informational,,,,5,3,Ready,"From deep research Report A rank #53. Gap 7/10, Difficulty 6/10. Bundled DRG complexity",,2026-05-12,AI,analyzer
CU-353,revenue code 0450,What Is Revenue Code 0450? ER Charges Decoded for Patients,,Medical Debt,informational,informational,,,,9,3,Ready,"From deep research Report A rank #54. Gap 10/10, Difficulty 2/10. Almost no consumer answer; AAPC dominates",,2026-05-12,AI,analyzer
CU-354,what is HCPCS J3490,"What Is HCPCS J3490? The ""Unclassified Drug"" Charge on Your Bill",,Medical Debt,informational,informational,,,,9,3,Ready,"From deep research Report A rank #55. Gap 10/10, Difficulty 2/10. Massive volume; no plain-English answer",,2026-05-12,AI,analyzer
CU-355,Trinity Health financial assistance,Trinity Health Charity Care: Catholic System Up to 400% Discount,,Medical Debt,guide,transactional,,,,7,3,Ready,"From deep research Report A rank #56. Gap 8/10, Difficulty 4/10. Generous; multi-state",,2026-05-12,AI,analyzer
CU-356,chemotherapy cost,How Much Does a Chemo Infusion Cost? CPT 96413 + J-Codes Decoded,,Healthcare Costs,comparison,informational,,,,4,3,Ready,"From deep research Report A rank #57. Gap 7/10, Difficulty 7/10. Complex bundling; 340B angle",,2026-05-12,AI,analyzer
CU-357,NewYork-Presbyterian financial assistance,NewYork-Presbyterian Charity Care: NY Law + Hospital FAP Combined,NY,Medical Debt,guide,transactional,,,,7,3,Ready,"From deep research Report A rank #58. Gap 8/10, Difficulty 4/10. Top-search hospital; NY law applies",,2026-05-12,AI,analyzer
CU-358,NYU Langone financial assistance,NYU Langone Financial Assistance: Income Thresholds and Hidden Steps,NY,Medical Debt,guide,transactional,,,,7,3,Ready,"From deep research Report A rank #59. Gap 8/10, Difficulty 4/10. Top-search; NY law applies",,2026-05-12,AI,analyzer
CU-359,vaginal delivery cost,How Much Does a Vaginal Delivery Cost? CPT 59400 vs. What You'll Pay,,Healthcare Costs,comparison,informational,,,,6,3,Ready,"From deep research Report A rank #60. Gap 7/10, Difficulty 5/10. High volume; bundled global fee",,2026-05-12,AI,analyzer
CU-360,Oregon medical debt,Oregon Hospital Charity Care: SB 619 Expansion (2026),OR,Medical Debt,informational,informational,,,,7,3,Ready,"From deep research Report A rank #61. Gap 8/10, Difficulty 4/10. 2023 SB 619 expansion",,2026-05-12,AI,analyzer
CU-361,hospital markup ratio,"Cost-to-Charge Ratio: Why Your $50,000 Bill Cost the Hospital $8,000",,Healthcare Costs,informational,informational,,,,7,3,Ready,"From deep research Report A rank #62. Gap 8/10, Difficulty 4/10. RAND 254%; Health Affairs 3.4x; shareable",,2026-05-12,AI,analyzer
CU-362,what is QPA,What Is QPA (Qualified Payment Amount) on Your EOB?,,Medical Debt,informational,informational,,,,7,3,Ready,"From deep research Report A rank #63. Gap 8/10, Difficulty 4/10. NSA TMA III; freshness",,2026-05-12,AI,analyzer
CU-363,hospitals fined price transparency,Hospital Price Transparency: Hospitals Fined by CMS in 2025-2026 (Full List),,Healthcare Costs,informational,informational,,,,6,3,Ready,"From deep research Report A rank #64. Gap 8/10, Difficulty 5/10. Becker's short; we own full reference",,2026-05-12,AI,analyzer
CU-364,echocardiogram cost,How Much Does an Echocardiogram Cost? CPT 93306 vs. Chargemaster,,Healthcare Costs,comparison,informational,,,,7,3,Ready,"From deep research Report A rank #65. Gap 8/10, Difficulty 4/10. High-margin imaging",,2026-05-12,AI,analyzer
CU-365,Colorado medical debt,Colorado Hospital Discounted Care Program: Up to 250% FPL Rules (2026),CO,Medical Debt,informational,informational,,,,7,3,Ready,"From deep research Report A rank #66. Gap 8/10, Difficulty 4/10. Strong 2024 protections",,2026-05-12,AI,analyzer
CU-366,upper endoscopy cost,How Much Does an Upper Endoscopy (EGD) Cost? CPT 43239 Decoded,,Healthcare Costs,comparison,informational,,,,7,3,Ready,"From deep research Report A rank #67. Gap 8/10, Difficulty 4/10. High-volume GI",,2026-05-12,AI,analyzer
CU-367,what is observation status,What Is Observation Status -- and Why It Could Triple Your Bill,,Medical Debt,informational,informational,,,,7,3,Ready,"From deep research Report A rank #68. Gap 7/10, Difficulty 4/10. Inpatient vs observation confusion",,2026-05-12,AI,analyzer
CU-368,what is modifier 59,What Is Modifier 59? Hospitals Use It to Bypass NCCI Edits,,Medical Debt,informational,informational,,,,8,3,Ready,"From deep research Report A rank #69. Gap 9/10, Difficulty 3/10. Analyzer's flag; coder-only sources",,2026-05-12,AI,analyzer
CU-369,Memorial Sloan Kettering financial assistance,Memorial Sloan Kettering Charity Care: Cancer Center FAP (2026),NY,Medical Debt,guide,transactional,,,,7,3,Ready,"From deep research Report A rank #70. Gap 8/10, Difficulty 4/10. High-stakes cancer queries",,2026-05-12,AI,analyzer
CU-370,how to apply for charity care,How to Apply for Hospital Charity Care: 8-Step Walkthrough,,Medical Debt,guide,transactional,,,,7,3,Ready,"From deep research Report A rank #71. Gap 6/10, Difficulty 4/10. Dollar For dominant but screener-first",,2026-05-12,AI,analyzer
CU-371,amount generally billed AGB,What Is Amount Generally Billed (AGB)? How 501(r) Caps Your Bill,,Medical Debt,informational,transactional,,,,8,3,Ready,"From deep research Report A rank #72. Gap 9/10, Difficulty 3/10. Critical patient right; AI confused",,2026-05-12,AI,analyzer
CU-372,Sutter Health financial assistance,Sutter Health Financial Assistance: CA Hospital Fair Pricing Act in Action,CA,Medical Debt,guide,transactional,,,,7,3,Ready,"From deep research Report A rank #73. Gap 8/10, Difficulty 4/10. CA law applies",,2026-05-12,AI,analyzer
CU-373,UCLA Medical Center financial assistance,UCLA Medical Center Charity Care: Income Thresholds for 2026,CA,Medical Debt,guide,transactional,,,,7,3,Ready,"From deep research Report A rank #74. Gap 8/10, Difficulty 4/10. Top-search CA hospital",,2026-05-12,AI,analyzer
CU-374,CABG cost,How Much Does a CABG (Coronary Bypass) Cost? CPT 33533 + DRG 233,,Healthcare Costs,comparison,informational,,,,4,3,Ready,"From deep research Report A rank #75. Gap 7/10, Difficulty 7/10. High-stakes; bundled DRG",,2026-05-12,AI,analyzer
CU-375,Houston Methodist financial assistance,Houston Methodist Charity Care: Texas FAP Patchwork (2026),TX,Medical Debt,guide,transactional,,,,7,3,Ready,"From deep research Report A rank #76. Gap 9/10, Difficulty 4/10. TX weak state law; high-search",,2026-05-12,AI,analyzer
CU-376,Johns Hopkins financial assistance,Johns Hopkins Charity Care: Maryland All-Payer + Hospital FAP,MD,Medical Debt,guide,transactional,,,,7,3,Ready,"From deep research Report A rank #77. Gap 7/10, Difficulty 4/10. MD all-payer unique; top-search",,2026-05-12,AI,analyzer
CU-377,Pennsylvania medical debt,Pennsylvania Medical Debt 2026: UPMC + Penn State + State Rules,PA,Medical Debt,informational,informational,,,,7,3,Ready,"From deep research Report A rank #78. Gap 8/10, Difficulty 4/10. Large pop; under-indexed",,2026-05-12,AI,analyzer
CU-378,cataract surgery cost,How Much Does Cataract Surgery Cost? CPT 66984 vs. ASC vs. Hospital,,Healthcare Costs,comparison,informational,,,,7,3,Ready,"From deep research Report A rank #79. Gap 7/10, Difficulty 4/10. ASC vs HOPD price split",,2026-05-12,AI,analyzer
CU-379,what is a modifier medical billing,What Is a Modifier in Medical Billing? Plain-English Guide for Patients,,Medical Debt,informational,informational,,,,8,3,Ready,"From deep research Report A rank #80. Gap 8/10, Difficulty 3/10. Coder-only sources today",,2026-05-12,AI,analyzer
CU-380,report nonprofit hospital IRS,How to File a Complaint Against a Nonprofit Hospital for Violating 501(r),,Medical Debt,guide,transactional,,,,7,3,Ready,"From deep research Report A rank #81. Gap 9/10, Difficulty 4/10. Dollar For/Warren 2024 letter; action path",,2026-05-12,AI,analyzer
CU-381,hernia repair cost,How Much Does a Hernia Repair Cost? CPT 49505 vs. ASC vs. Hospital,,Healthcare Costs,comparison,informational,,,,6,3,Ready,"From deep research Report A rank #82. Gap 7/10, Difficulty 5/10. Volume + ASC angle",,2026-05-12,AI,analyzer
CU-382,Stanford Health financial assistance,Stanford Health Care Charity Care: CA Hospital Fair Pricing Application,CA,Medical Debt,guide,transactional,,,,7,3,Ready,"From deep research Report A rank #83. Gap 8/10, Difficulty 4/10. Top-search; CA law",,2026-05-12,AI,analyzer
CU-383,prompt pay discount hospital,What Is a Prompt Pay Discount? When to Ask (and When Not To),,Medical Debt,informational,transactional,,,,8,3,Ready,"From deep research Report A rank #84. Gap 7/10, Difficulty 3/10. Common ask; AI gives bad numbers",,2026-05-12,AI,analyzer
CU-384,Virginia medical debt,Virginia Medical Debt 2026: Inova FAP + New State Credit Reporting Ban,VA,Medical Debt,informational,informational,,,,7,3,Ready,"From deep research Report A rank #85. Gap 8/10, Difficulty 4/10. 2024 law",,2026-05-12,AI,analyzer
CU-385,physical therapy cost per session,How Much Does Physical Therapy Cost Per Session? CPT 97110/97530,,Healthcare Costs,comparison,informational,,,,7,3,Ready,"From deep research Report A rank #86. Gap 7/10, Difficulty 4/10. High-volume long-tail",,2026-05-12,AI,analyzer
CU-386,what is a UB-04,What Is a UB-04 Form? Decoding Your Hospital's Master Bill,,Medical Debt,informational,informational,,,,8,3,Ready,"From deep research Report A rank #87. Gap 8/10, Difficulty 3/10. Coder-only sources; patient needs this",,2026-05-12,AI,analyzer
CU-387,Banner Health financial assistance,Banner Health Charity Care: Arizona FAP and How to Apply,AZ,Medical Debt,guide,transactional,,,,7,3,Ready,"From deep research Report A rank #88. Gap 8/10, Difficulty 4/10. AZ's biggest",,2026-05-12,AI,analyzer
CU-388,MD Anderson financial assistance,MD Anderson Charity Care: Cancer Center FAP for Out-of-State Patients,TX,Medical Debt,guide,transactional,,,,7,3,Ready,"From deep research Report A rank #89. Gap 8/10, Difficulty 4/10. Destination cancer hospital",,2026-05-12,AI,analyzer
CU-389,dialysis cost,How Much Does Dialysis Cost? CPT 90999 and the Bundled Payment Reality,,Healthcare Costs,comparison,informational,,,,5,3,Ready,"From deep research Report A rank #90. Gap 7/10, Difficulty 6/10. Highest-charge code; ESRD complexity",,2026-05-12,AI,analyzer
CU-390,what is CMS 1500,What Is a CMS-1500 Form? Professional vs. Hospital Bill Differences,,Medical Debt,informational,informational,,,,8,3,Ready,"From deep research Report A rank #92. Gap 7/10, Difficulty 3/10. Patient-friendly version missing",,2026-05-12,AI,analyzer
CU-391,Maine medical debt,Maine Medical Debt 2026: Charity Care + Credit Reporting Ban,ME,Medical Debt,informational,informational,,,,7,3,Ready,"From deep research Report A rank #93. Gap 8/10, Difficulty 4/10. 2024 law",,2026-05-12,AI,analyzer
CU-392,Rhode Island medical debt,Rhode Island Medical Debt 2026: Charity Care + 2024 Credit Reporting Law,RI,Medical Debt,informational,informational,,,,7,3,Ready,"From deep research Report A rank #94. Gap 8/10, Difficulty 4/10. 2024 law",,2026-05-12,AI,analyzer
CU-393,Delaware medical debt,Delaware Medical Debt: SB 156 Credit Reporting Ban (2026),DE,Medical Debt,informational,informational,,,,8,3,Ready,"From deep research Report A rank #95. Gap 9/10, Difficulty 3/10. 2025 SB 156 Mantzavinos",,2026-05-12,AI,analyzer
CU-394,medical bill negotiation services,Compare Top 10 Medical Bill Negotiation Services (CoveredUSA vs. Goodbill vs. Resolve vs. Dollar For),,Medical Debt,comparison,informational,,,,6,3,Ready,"From deep research Report A rank #96. Gap 6/10, Difficulty 5/10. Direct competitor comparison; converts",,2026-05-12,AI,analyzer
CU-395,medical billing advocate,When to Hire a Medical Billing Advocate vs. Use a Free Tool (Decision Tree),,Medical Debt,comparison,informational,,,,7,3,Ready,"From deep research Report A rank #97. Gap 6/10, Difficulty 4/10. Decision-tree format converts",,2026-05-12,AI,analyzer
CU-396,average cost of hospital stay,The True Cost of a Hospital Stay: 2026 Statistical Reference,,Healthcare Costs,informational,informational,,,,6,3,Ready,"From deep research Report A rank #98. Gap 6/10, Difficulty 5/10. Peterson-KFF baseline + tool CTA",,2026-05-12,AI,analyzer
CU-397,advanced EOB,What Is an Advanced EOB Under the No Surprises Act? (2026 Status),,Medical Debt,informational,transactional,,,,7,3,Ready,"From deep research Report A rank #99. Gap 9/10, Difficulty 4/10. March 2026 rule expected; freshness",,2026-05-12,AI,analyzer
CU-398,how to use no surprises act IDR,Patient's Guide to the No Surprises Act IDR Process (Step-by-Step 2026),,Medical Debt,guide,transactional,,,,6,3,Ready,"From deep research Report A rank #100. Gap 8/10, Difficulty 5/10. CMS portal unusable; lay walkthrough",,2026-05-12,AI,analyzer
CU-399,ChatGPT review hospital bill,I Asked ChatGPT to Review My Hospital Bill: Here's What It Got Right and Wrong,,Medical Debt,informational,informational,,,,8,1,Ready,"Manager bonus pick (not in either deep research report). AI audit corroboration cluster - patients already used AI, googling to verify",,2026-05-12,AI,analyzer
CU-400,ChatGPT read hospital bill PDF,Can ChatGPT Actually Read a Hospital Bill PDF? A Practical Test,,Medical Debt,informational,informational,,,,8,1,Ready,Manager bonus pick (not in either deep research report). AI audit corroboration - direct query from Report B Cluster 2,,2026-05-12,AI,analyzer
CU-401,AI tool to check medical bill,ChatGPT vs Perplexity vs the CoveredUSA Bill Analyzer: Which AI Catches Overcharges?,,Medical Debt,comparison,informational,,,,8,1,Ready,Manager bonus pick (not in either deep research report). AI audit corroboration - competitor comparison naming our tool,,2026-05-12,AI,analyzer
CU-402,verify AI hospital bill review,How to Verify What AI Tells You About Your Hospital Bill (and Why You Should),,Medical Debt,guide,transactional,,,,8,1,Ready,Manager bonus pick (not in either deep research report). AI audit corroboration - second-stage validator angle,,2026-05-12,AI,analyzer
CU-403,why hospital charge so much for aspirin,"Why Hospitals Charge $50 for an Aspirin: Inpatient Drug Markup, Explained",,Medical Debt,informational,informational,,,,8,1,Ready,Manager bonus pick (not in either deep research report). Viral markup angle - aspirin/inpatient drug pricing,,2026-05-12,AI,analyzer
CU-404,hospital charged for ice pack,Why Did the Hospital Charge $30 for an Ice Pack? Petty Charges Decoded,,Medical Debt,informational,informational,,,,8,2,Ready,Manager bonus pick (not in either deep research report). Viral petty charge angle,,2026-05-12,AI,analyzer
CU-405,inpatient drug markup percentage,"The $0.05 Pill Billed at $100: How Inpatient Drug Markups Hit 18,000%+",,Medical Debt,informational,informational,,,,8,1,Ready,"Manager bonus pick (not in either deep research report). Amlodipine 18,617% angle from Report B - viral data point",,2026-05-12,AI,analyzer
CU-406,NICU stay cost,How Much Does a NICU Stay Cost? Daily Charges Decoded (2026),,Healthcare Costs,comparison,informational,,,,8,1,Ready,Manager bonus pick (not in either deep research report). High-emotion pediatric gap - neither report covered,,2026-05-12,AI,analyzer
CU-407,Texas Children's Hospital financial assistance,Texas Children's Hospital Charity Care: Income Limits and Application (2026),TX,Medical Debt,guide,transactional,,,,8,2,Ready,Manager bonus pick (not in either deep research report). Top-searched children's hospital - neither report included,,2026-05-12,AI,analyzer
CU-408,can hospital refuse treatment no insurance,Can a Hospital Refuse Treatment If You Cannot Pay? EMTALA Rights Explained,,Medical Debt,informational,informational,,,,8,1,Ready,"Manager bonus pick (not in either deep research report). EMTALA patient rights - high search volume, under-served",,2026-05-12,AI,analyzer
CU-409,financial responsibility form hospital,What Is a Financial Responsibility Form? Did You Agree to Pay Whatever the Hospital Charged?,,Medical Debt,informational,informational,,,,8,1,Ready,Manager bonus pick (not in either deep research report). Intake form patient rights gap,,2026-05-12,AI,analyzer
CU-410,EOB says zero hospital billing me,My EOB Says $0 But the Hospital Is Billing Me — What Happened?,,Medical Debt,informational,informational,,,,8,1,Ready,Manager bonus pick (not in either deep research report). EOB vs bill mismatch - most confusing thing patients hit,,2026-05-12,AI,analyzer
CU-411,read EOB and hospital bill together,How to Read Your Insurance EOB Side-by-Side With Your Hospital Bill,,Medical Debt,guide,transactional,,,,8,2,Ready,Manager bonus pick (not in either deep research report). EOB+bill side-by-side reading guide,,2026-05-12,AI,analyzer
CU-412,appeal Medicare Advantage hospital bill,How to Appeal a Medicare Advantage Hospital Bill Denial (2026),,Medical Debt,guide,transactional,,,,8,2,Ready,Manager bonus pick (not in either deep research report). MA denial appeal - many disputes start here,,2026-05-12,AI,analyzer
CU-413,hospital price transparency compliance check,Is My Hospital Price Transparency Compliant? How to Check Before You Get Billed,,Healthcare Costs,guide,transactional,,,,8,2,Ready,Manager bonus pick (not in either deep research report). Pre-bill prevention angle on price transparency,,2026-05-12,AI,analyzer
